Che anno frequenti?,Ti senti organizzato nello studio?,"Quante ore studi al giorno, in media?
",Come utilizzi la tecnologia per aiutarti nello studio?,Tech_Non_Utilizzo,Tech_Riassunti_Mappe,Tech_Ripasso,Tech_Compiti_Posto_Mio,Tech_Altro,Il carico di compiti è,Qual è il tuo rendimento scolastico?,Hai tempo libero dopo la scuola?,Riesci a svolgere altre attività/praticare sport/coltivare le tue passioni dopo scuola?,Fai sport?,Ti senti libero di essere te stesso con le persone che frequenti ogni giorno a scuola?,Come ti senti generalmente quando vieni a scuola?,Ti trovi bene con i tuoi compagni di classe?,Cosa rende piacevole la vostra classe?,Tema_Piacevolezza_Classe,Qual è il rapporto tra te e i tuoi professori?,Pensi che il tuo comportamento in classe aiuti i professori durante la lezione?,Ti senti solo/a?,Sei contento della scuola che frequenti?,Cosa ti piace di questa scuola? E cosa cambieresti?,Scuola_Punti_Forza,Scuola_Da_Cambiare,"Se fossi Ministro, toglieresti qualche materia? Quale? Perchè?",Matematica,Latino,Fisica,Inglese,Storia,Filosofia,Religione,Diritto,Scienze,Histoire,Educazione Civica,Francese,Arte,Nessuna,Quali difficoltà incontri?,Diff_Dialogo_Prof,Diff_Compagni_Classe,Diff_Comprensione_Materie,Diff_Lezioni_Lessico,Diff_Attenzione,Diff_Carico_Lavoro,Se hai delle difficoltà in classe cosa ti potrebbe venire in aiuto?,Pensi che questa scuola ti ha aiutato/ti aiuterà per i tuoi progetti futuri?,"Se potessi tornare indietro nel tempo, cambieresti scuola o indirizzo? ",Vorresti continuare gli studi del ramo che hai intrapreso al primo anno?,In relazione alla domanda precedente (Vorresti continuare gli studi del ramo che hai intrapreso al primo anno?) vuoi motivare la tua risposta?,Questa volta sei tu a dare i voti... che voto dai alla tua scuola?
Quarto anno,Per nulla,2 ore,Creare riassunti/mappe con cui studiare,0,1,0,0,,Adeguato,Sto sulla sufficienza,Poco,Non quanto mi piacerebbe,No,Poco,Stressato/a o sotto pressione,Per nulla,nulla siamo tutti divisi a gruppetti ,Nulla,Buono,Poco,Spesso,Abbastanza,cambierei un po’ di regole ,,Organizzazione,"inglese, matematica, fisica secondo me non so non utili nell’esame ",1,0,1,1,0,0,0,0,0,0,0,0,0,1,"Difficoltà di comprensione delle materie, Difficoltà a seguire le lezioni a causa di un lessico tecnico troppo complesso",0,0,1,1,0,0,Colloquio individuale con la psicologa presente presso l'istituto,No,No,No,,8
Quinto anno,Poco,Non studio ogni giorno (solo prima delle verifiche),Creare riassunti/mappe con cui studiare,0,1,0,0,,Adeguato,Buono,Abbastanza,Sì,Sì,Molto,"Tranquillo/a, è normale routine",Molto bene,il nostro rapporto ,Relazioni/Clima,Buono,Abbastanza,Mai,Abbastanza,,,,,0,0,0,0,0,0,0,0,0,0,0,0,0,0,Difficoltà di comprensione delle materie,0,0,1,0,0,0,Istituire a scuola un unità di pedagogia scolastica,Non so,Sì,No,,7
Quarto anno,Per nulla,3 ore,"Creare riassunti/mappe con cui studiare, Ripassare",0,1,1,0,,Abbastanza pesante,Molto buono,Per nulla,No,Sì,Abbastanza,"Tranquillo/a, è normale routine",Molto bene,,,Ottimo,Abbastanza,Mai,Poco,,,,,0,0,0,0,0,0,0,0,0,0,0,0,0,0,Difficoltà di comprensione delle materie,0,0,1,0,0,0,Utilizzare l'ora di ed. civica per favorire il dialogo tra i compagni/insegnanti,Non so,Non so,Sì,,6
Quarto anno,Abbastanza,4 ore o più,Creare riassunti/mappe con cui studiare,0,1,0,0,,Adeguato,Buono,Abbastanza,Sì,No,Abbastanza,"Tranquillo/a, è normale routine",Molto bene,,,Buono,Abbastanza,A volte,Abbastanza,,,,Nessuna,0,0,0,0,0,0,0,0,0,0,0,0,0,1,Dialogo con i professori,1,0,0,0,0,0,Istituire a scuola un unità di pedagogia scolastica,Non so,No,Non so,,7
Secondo anno,Abbastanza,2 ore,"Creare riassunti/mappe con cui studiare, Ripassare",0,1,1,0,,Abbastanza pesante,Molto buono,Poco,Non quanto mi piacerebbe,Sì,Abbastanza,"Tranquillo/a, è normale routine",Molto bene,,,Buono,Abbastanza,Mai,Abbastanza,,,,toglierei il latino al linguistico ,0,1,0,1,0,0,0,0,0,0,0,0,0,1,,0,0,0,0,0,0,Colloquio individuale con la psicologa presente presso l'istituto,Non so,Non so,No,,6
Primo anno,Molto,3 ore,Ripassare,0,0,1,0,,Adeguato,Molto buono,Abbastanza,Sì,Sì,Poco,"Tranquillo/a, è normale routine",Poco,,,Buono,Molto,Mai,Molto,,,,nessuna ,0,0,0,0,0,0,0,0,0,0,0,0,0,1,Dialogo con i compagni di classe,0,1,0,0,0,0,Istituire a scuola un unità di pedagogia scolastica,Non so,No,Sì,,9
Secondo anno,Per nulla,Non studio ogni giorno (solo prima delle verifiche),Compiti al posto mio,0,0,0,1,,Abbastanza pesante,Buono,Abbastanza,Non quanto mi piacerebbe,Sì,Abbastanza,Stressato/a o sotto pressione,Abbastanza bene,la mia presenza ,Altro/Varie,Discreto,Poco,Mai,Per nulla,boh,,,nessuna ,0,0,0,0,0,0,0,0,0,0,0,0,0,1,niente ,0,0,0,0,0,0,Colloquio individuale con la psicologa presente presso l'istituto,No,Sì,Non so,no,3
Primo anno,Abbastanza,1 ora,Creare riassunti/mappe con cui studiare,0,1,0,0,,Adeguato,Buono,Abbastanza,Non quanto mi piacerebbe,Sì,Abbastanza,"Tranquillo/a, è normale routine",Molto bene,,,Buono,Abbastanza,A volte,Abbastanza,,,,,0,0,0,0,0,0,0,0,0,0,0,0,0,0,Difficoltà di comprensione delle materie,0,0,1,0,0,0,Istituire a scuola un unità di pedagogia scolastica,Non so,No,Sì,,7
Secondo anno,Abbastanza,3 ore,la utilizzo per capire gli esercizi,0,0,0,0,la utilizzo per capire gli esercizi,Abbastanza pesante,Buono,Poco,Non quanto mi piacerebbe,Sì,Abbastanza,Stressato/a o sotto pressione,Molto bene,,,Discreto,Poco,Mai,Poco,,,,latino perché non serve a niente e non si capisce niente ,0,1,0,0,0,0,0,0,0,0,0,0,0,1,"Dialogo con i professori, Difficoltà di comprensione delle materie",1,0,1,0,0,0,Utilizzare l'ora di ed. civica per favorire il dialogo tra i compagni/insegnanti,Non so,Sì,Non so,,7
Terzo anno,Poco,Non studio ogni giorno (solo prima delle verifiche),"Creare riassunti/mappe con cui studiare, Compiti al posto mio",0,1,0,1,,Abbastanza pesante,Sto sulla sufficienza,Poco,Sì,Sì,Poco,Stressato/a o sotto pressione,Poco,la sincerità ,Relazioni/Clima,Buono,Molto,A volte,Molto,della scuola mi piace l’ambiente la cosa che cambierei è il carico di compiti e lo svolgimento delle lezioni,Relazioni/Ambiente,Didattica/Docenti,nessuna ,0,0,0,0,0,0,0,0,0,0,0,0,0,1,Dialogo con i professori,1,0,0,0,0,0,Colloquio individuale con la psicologa presente presso l'istituto,Sì,Sì,Sì,,6
Primo anno,Abbastanza,1 ora,Creare riassunti/mappe con cui studiare,0,1,0,0,,Adeguato,Buono,Abbastanza,Sì,Sì,Molto,"Tranquillo/a, è normale routine",Molto bene,la complicità ,Relazioni/Clima,Buono,Abbastanza,Mai,Abbastanza,,,,diritto all’indirizzo scienze umane perché troppo pesante ,0,0,0,0,0,0,0,1,1,0,0,0,0,0,Difficoltà di comprensione delle materie,0,0,1,0,0,0,Utilizzare l'ora di ed. civica per favorire il dialogo tra i compagni/insegnanti,Sì,No,Non so,,7
Terzo anno,Abbastanza,3 ore,"Non la utilizzo, Ripassare",1,0,1,0,,Abbastanza pesante,Buono,Poco,Sì,Sì,Poco,Stressato/a o sotto pressione,Abbastanza bene,niente,Nulla,Buono,Abbastanza,A volte,Abbastanza,"non mi piace nulla in particolare, cambierei l’organizzazione ",,Organizzazione,toglierei chimica all’inizio del triennio ,0,0,0,0,0,0,0,0,1,0,0,0,0,0,"Dialogo con i professori, Dialogo con i compagni di classe",1,1,0,0,0,0,nessuno,Non so,Non so,Non so,mi piacerebbe fare medicina,4
Terzo anno,Molto,Non studio ogni giorno (solo prima delle verifiche),guardo tik tok,0,0,0,0,guardo tik tok,Troppo pesante,Buono,Poco,Non quanto mi piacerebbe,Sì,Abbastanza,Stressato/a o sotto pressione,Abbastanza bene,niente,Nulla,Discreto,Molto,Mai,Molto,niente,,,chimica e fisica non servono per gli indirizzi che abbiamo,0,0,1,0,0,0,0,0,1,0,0,0,0,1,,0,0,0,0,0,0,Utilizzare l'ora di ed. civica per favorire il dialogo tra i compagni/insegnanti,Sì,No,Sì,,7
Primo anno,Molto,1 ora,Ripassare,0,0,1,0,,Adeguato,Buono,Abbastanza,Sì,Sì,Per nulla,"Tranquillo/a, è normale routine",Poco,niente,Nulla,Ottimo,Molto,Spesso,Molto,non cambierei niente e mi piace il corpo docenti,Docenti,,,0,0,0,0,0,0,0,0,0,0,0,0,0,0,le mie compagne di classe che mi escludono ,0,1,0,0,0,0,Colloquio individuale con la psicologa presente presso l'istituto,Sì,No,Sì,all’università vorrei fare scienze della formazione primaria,9
Quarto anno,Poco,Non studio ogni giorno (solo prima delle verifiche),capire le cose che non capisco per poi fare le materie ,0,0,0,0,capire le cose che non capisco per poi fare le materie,Abbastanza pesante,Buono,Abbastanza,Sì,No,Molto,"Tranquillo/a, è normale routine",Abbastanza bene,il clima molto euforico che abbiamo instaurato in questi anni è in caso di verifiche e interrogazioni anche l’ansia collettiva che ci porta a parlare con persone che magari non sono del nostro gruppo principale ,Relazioni/Clima,Buono,Poco,A volte,Poco,non so rispondere ,,,non so rispondere neanche a questa ,0,0,0,0,0,0,0,0,0,0,0,0,0,1,difficoltà di concentrazione ,0,0,0,0,1,0,un’ora a settimana che potremmo sfruttare con una professoressa estranea alla classe a cui poter fare domande,No,Sì,No,mi penso della mia scelta scolastica per il semplice fatto che sono arrivata con un idea per poi maturarne una totalmente diversa per il quale devo continuare il mio percorso universitario in un ramo totalmente differente dalla mia idea iniziale e dal mio indirizzo scolastico attuale ,7
Quinto anno,Abbastanza,Non studio ogni giorno (solo prima delle verifiche),"Creare riassunti/mappe con cui studiare, Ripassare, Compiti al posto mio",0,1,1,1,,Adeguato,Buono,Abbastanza,Sì,Sì,Molto,"Tranquillo/a, è normale routine",Molto bene,l’amicizia che c’è tra di noi,Relazioni/Clima,Buono,Poco,Mai,Abbastanza,niente di particolare ,,,histoire perché la odio ,0,0,0,0,0,0,0,0,0,1,0,0,0,0,Difficoltà a seguire le lezioni a causa di un lessico tecnico troppo complesso,0,0,0,1,0,0,Colloquio individuale con la psicologa presente presso l'istituto,Non so,Non so,No,"col tempo ho capito che non voglio che le lingue siano la parte fondamentale della mia vita. non voglio lavorare con le lingue, voglio che vadano in secondo piano ",7
Secondo anno,Poco,1 ora,Creare riassunti/mappe con cui studiare,0,1,0,0,,Abbastanza pesante,Ho delle insufficienze,Poco,No,No,Poco,Stressato/a o sotto pressione,Abbastanza bene,,,Discreto,Poco,Spesso,Abbastanza,,,,,0,0,0,0,0,0,0,0,0,0,0,0,0,0,Difficoltà di comprensione delle materie,0,0,1,0,0,0,Colloquio individuale con la psicologa presente presso l'istituto,Non so,Non so,Non so,,6
Secondo anno,Abbastanza,3 ore,Creare riassunti/mappe con cui studiare,0,1,0,0,,Abbastanza pesante,Buono,Poco,Non quanto mi piacerebbe,Sì,Poco,Stressato/a o sotto pressione,Poco,nulla,Nulla,Discreto,Poco,A volte,Abbastanza,non lo so,,,chimica,0,0,0,0,0,0,0,0,1,0,0,0,0,0,"Dialogo con i compagni di classe, Difficoltà di comprensione delle materie",0,1,1,0,0,0,Utilizzare l'ora di ed. civica per favorire il dialogo tra i compagni/insegnanti,Sì,Non so,Sì,vorrei fare giurisprudenza ,7
Secondo anno,Poco,2 ore,Creare riassunti/mappe con cui studiare,0,1,0,0,,Abbastanza pesante,Buono,Poco,No,No,Poco,Stressato/a o sotto pressione,Abbastanza bene,Rende piacevole il fatto che si cerca un modo per ridere e scherzare (non esagerando),Umorismo/Divertimento,Buono,Abbastanza,A volte,Abbastanza,Mi piace perché spesso si organizzano molte attività. Cambierei qualche professore ,Attività/Materie,Didattica/Docenti,"Geostoria, pesante e inutile ",0,0,0,0,1,0,0,0,0,0,0,0,0,0,"Difficoltà di comprensione delle materie, Difficoltà a seguire le lezioni a causa di un lessico tecnico troppo complesso",0,0,1,1,0,0,Colloquio individuale con la psicologa presente presso l'istituto,Non so,Non so,Non so,,7
Primo anno,Poco,Non studio ogni giorno (solo prima delle verifiche),Creare riassunti/mappe con cui studiare,0,1,0,0,,Adeguato,Buono,Molto,Sì,Sì,Abbastanza,"Tranquillo/a, è normale routine",Abbastanza bene,le compagne di classe,Relazioni/Clima,Buono,Abbastanza,Mai,Abbastanza,i professori sono comprensivi ,Docenti,,chimica  perché non la capisco,0,0,0,0,0,0,0,0,1,0,0,0,0,1,Difficoltà di comprensione delle materie,0,0,1,0,0,0,Colloquio individuale con la psicologa presente presso l'istituto,Non so,No,Non so,,8
Primo anno,Poco,1 ora,Creare riassunti/mappe con cui studiare,0,1,0,0,,Adeguato,Buono,Abbastanza,Sì,Sì,Molto,"Tranquillo/a, è normale routine",Abbastanza bene,,,Discreto,Per nulla,Mai,Poco,,,,chimica ,0,0,0,0,0,0,0,0,1,0,0,0,0,0,Difficoltà di comprensione delle materie,0,0,1,0,0,0,Istituire a scuola un unità di pedagogia scolastica,Non so,Sì,Non so,,7
Quarto anno,Poco,2 ore,"Creare riassunti/mappe con cui studiare, Ripassare, Compiti al posto mio",0,1,1,1,,Adeguato,Sto sulla sufficienza,Abbastanza,Sì,Sì,Molto,"Tranquillo/a, è normale routine",Molto bene,facciamo casino,Altro/Varie,Ottimo,Abbastanza,Mai,Abbastanza,dovrebbero far usare i telefoni ,,,no,0,0,0,0,0,0,0,0,0,0,0,0,0,1,.,0,0,0,0,0,0,Colloquio individuale con la psicologa presente presso l'istituto,Sì,No,Sì,,7
Quinto anno,Abbastanza,2 ore,Creare riassunti/mappe con cui studiare,0,1,0,0,,Abbastanza pesante,Buono,Poco,Sì,Sì,Abbastanza,Stressato/a o sotto pressione,Abbastanza bene,nn saprei ,Altro/Varie,Discreto,Molto,Spesso,Abbastanza,non so cosa mi piace però cambierei la gestione delle classi. Stare fermi per 6 ore non è certo salutare. Consiglierei di cambiare classe almeno 2 volte al giorno ,,,"religione, perché non esiste solo la dottrina cristiana e da ateo non posso sentirmi dire male perché non prego ",0,0,0,0,0,0,1,0,0,0,0,0,0,1,professori che hanno chiare preferenze ,0,0,0,0,0,0,Colloquio individuale con la psicologa presente presso l'istituto,No,Non so,No,,4
Quinto anno,Poco,2 ore,"Creare riassunti/mappe con cui studiare, Ripassare",0,1,1,0,,Adeguato,Buono,Poco,Non quanto mi piacerebbe,No,Abbastanza,Stressato/a o sotto pressione,Molto bene,il gruppo che abbiamo creato ,Altro/Varie,Buono,Poco,Sempre,Abbastanza,"non cambierei nulla, poter prendere i mezzi è una cosa molto positiva ",Tutto,,nessuna,0,0,0,0,0,0,0,0,0,0,0,0,0,1,Difficoltà di comprensione delle materie,0,0,1,0,0,0,Colloquio individuale con la psicologa presente presso l'istituto,Non so,No,No,no grazie ,7
Secondo anno,Poco,Non studio ogni giorno (solo prima delle verifiche),Creare riassunti/mappe con cui studiare,0,1,0,0,,Adeguato,Sto sulla sufficienza,Abbastanza,Sì,Sì,Abbastanza,"Tranquillo/a, è normale routine",Abbastanza bene,siamo tutte femmine e sottomettiamo i maschi ,Altro/Varie,Buono,Abbastanza,Mai,Abbastanza,,,,toglierei chimica ,0,0,0,0,0,0,0,0,1,0,0,0,0,0,,0,0,0,0,0,0,,Non so,No,Sì,,7
Quinto anno,Abbastanza,Non studio ogni giorno (solo prima delle verifiche),Creare riassunti/mappe con cui studiare,0,1,0,0,,Adeguato,Buono,Poco,Sì,Sì,Molto,"Tranquillo/a, è normale routine",Molto bene,andrea con le stampelle ,Altro/Varie,Ottimo,Abbastanza,Mai,Abbastanza,mi piace il fatto che non andiamo a scuola sabato e che non esagerano con i compiti però migliorerei un po’ l’organizzazione sempre all’ultimo fanno sapere le cose ,Organizzazione,Organizzazione,nah ,0,0,0,0,0,0,0,0,0,0,0,0,0,1,Difficoltà di comprensione delle materie,0,0,1,0,0,0,Utilizzare l'ora di ed. civica per favorire il dialogo tra i compagni/insegnanti,Non so,Non so,No,preferisco fare altro ,7
Quinto anno,Poco,4 ore o più,Creare riassunti/mappe con cui studiare,0,1,0,0,,Troppo pesante,Buono,Per nulla,No,No,Abbastanza,Stressato/a o sotto pressione,Molto bene,,,Buono,Abbastanza,Mai,Abbastanza,"più organizzazione tra i prof riguardo a verifiche e interrogazioni tutte centrate nello stesso giorno o settimana 
",,Organizzazione,"educazione civica
",0,0,0,0,0,0,0,0,0,0,1,0,0,0,Difficoltà di comprensione delle materie,0,0,1,0,0,0,Utilizzare l'ora di ed. civica per favorire il dialogo tra i compagni/insegnanti,Non so,Non so,Sì,non legato alla psicologia ma sempre legato,7
Secondo anno,Abbastanza,2 ore,Creare riassunti/mappe con cui studiare,0,1,0,0,,Adeguato,Buono,Poco,Sì,No,Molto,"Tranquillo/a, è normale routine",Abbastanza bene,,,Buono,Poco,Mai,Molto,,,,,0,0,0,0,0,0,0,0,0,0,0,0,0,0,Difficoltà a seguire le lezioni a causa di un lessico tecnico troppo complesso,0,0,0,1,0,0,Colloquio individuale con la psicologa presente presso l'istituto,Sì,No,Sì,,7
Secondo anno,Abbastanza,4 ore o più,"Creare riassunti/mappe con cui studiare, Compiti al posto mio",0,1,0,1,,Abbastanza pesante,Buono,Poco,No,No,Molto,Stressato/a o sotto pressione,Molto bene,io❤️,Altro/Varie,Buono,Abbastanza,A volte,Abbastanza,"mi piace il fatto che é una scuola piccola e tranquilla,cambierei il colore delle pareti😹 e magari una pulizia più profonda",Relazioni/Ambiente,Struttura/Edificio,LATINO(antico),0,1,0,0,0,0,0,0,0,0,0,0,0,1,Difficoltà di comprensione delle materie,0,0,1,0,0,0,Utilizzare l'ora di ed. civica per favorire il dialogo tra i compagni/insegnanti,Non so,Sì,Non so,"faccio lo scienze umane,e non so se intraprendere nel futuro studi di geometra",7
Secondo anno,Poco,3 ore,Creare riassunti/mappe con cui studiare,0,1,0,0,,Abbastanza pesante,Buono,Poco,Non quanto mi piacerebbe,Sì,Abbastanza,Stressato/a o sotto pressione,Molto bene,L’atmosfera ,Altro/Varie,Buono,Poco,A volte,Poco,Mi piacciono alcune materie e gli sbocchi che potrà darmi in futuro e vorrei cambiare il carico eccessivo di verifiche ,,Organizzazione,Toglierei il latino perché è difficile ,0,1,0,0,0,0,0,0,0,0,0,0,0,1,Difficoltà di comprensione delle materie,0,0,1,0,0,0,Utilizzare l'ora di ed. civica per favorire il dialogo tra i compagni/insegnanti,Sì,Non so,Sì,,6
Secondo anno,Poco,2 ore,Creare riassunti/mappe con cui studiare,0,1,0,0,,Abbastanza pesante,Sto sulla sufficienza,Poco,No,No,Poco,Stressato/a o sotto pressione,Abbastanza bene,,,Buono,Per nulla,Mai,Poco,,,,,0,0,0,0,0,0,0,0,0,0,0,0,0,0,"Dialogo con i professori, Difficoltà di comprensione delle materie",1,0,1,0,0,0,,Non so,Sì,Non so,,6
Secondo anno,Poco,3 ore,Ripassare,0,0,1,0,,Abbastanza pesante,Buono,Poco,Sì,Sì,Abbastanza,"Tranquillo/a, è normale routine",Molto bene,Siamo unite e tutte simpatiche,Relazioni/Clima,Buono,Abbastanza,Mai,Abbastanza,"Mi piace quasi tutto, forse potremo usare di più i laboratori che ci sono o comunque fare delle attività alternative su argomenti importanti ",Attività/Materie,,"No, nessuna, perché ognuna ha il valore ed insegnamento ",0,0,0,0,0,0,0,0,0,0,0,0,0,1,Leggera difficoltà nel gestire ed organizzare lo studio quando ho la giornata piena ,0,0,0,0,0,1,Utilizzare l'ora di ed. civica per favorire il dialogo tra i compagni/insegnanti,Sì,Non so,Sì,"Si, perché comunque le materie umanistiche mi hanno sempre affascinato e tutt'ora le ritengo interessanti",7
Terzo anno,Abbastanza,2 ore,Creare riassunti/mappe con cui studiare,0,1,0,0,,Adeguato,Buono,Molto,Sì,No,Abbastanza,"Tranquillo/a, è normale routine",Abbastanza bene,,,Ottimo,Abbastanza,Mai,Abbastanza,,,,,0,0,0,0,0,0,0,0,0,0,0,0,0,0,Difficoltà a seguire le lezioni a causa di un lessico tecnico troppo complesso,0,0,0,1,0,0,Utilizzare l'ora di ed. civica per favorire il dialogo tra i compagni/insegnanti,Sì,No,Sì,,10
Primo anno,Abbastanza,2 ore,Creare riassunti/mappe con cui studiare,0,1,0,0,,Adeguato,Buono,Abbastanza,Non quanto mi piacerebbe,Sì,Molto,"Tranquillo/a, è normale routine",Abbastanza bene,I miei compagni di classe,Relazioni/Clima,Buono,Abbastanza,Mai,Abbastanza,,,,Fossi ministro cambierei direttamente l’intero sistema scolastico ma non toglierei nessuna materia,0,0,0,0,0,0,0,0,0,0,0,0,0,1,Difficoltà di comprensione delle materie,0,0,1,0,0,0,più giornate ricreative e attività per poter socializzare di più e togliere lo stress scolastico ,Non so,No,Sì,,7
Quinto anno,Per nulla,Non studio ogni giorno (solo prima delle verifiche),Compiti al posto mio,0,0,0,1,,Adeguato,Molto buono,Molto,Sì,Sì,Molto,"Tranquillo/a, è normale routine",Molto bene,Gli sticker,Altro/Varie,Ottimo,Abbastanza,Spesso,Abbastanza,"Edificio storico, per cambiarla farei tornare la pizza a ricreazione mi mancano",,,"No, ogni materia ha motivo di esistere",0,0,0,0,0,0,0,0,0,0,0,0,0,1,Noia ,0,0,0,0,1,0,Utilizzare l'ora di ed. civica per favorire il dialogo tra i compagni/insegnanti,Non so,No,No,No 🤙🏻,8
Terzo anno,Abbastanza,4 ore o più,Creare riassunti/mappe con cui studiare,0,1,0,0,,Adeguato,Buono,Per nulla,Sì,Sì,Molto,"Tranquillo/a, è normale routine",Abbastanza bene,,,Buono,Abbastanza,Mai,Molto,,,,chimica perche per il tipo di scuola non ha senso come materia ,0,0,0,0,0,0,0,0,1,0,0,0,0,1,,0,0,0,0,0,0,,Sì,No,Sì,,8
Terzo anno,Poco,Non studio ogni giorno (solo prima delle verifiche),Creare riassunti/mappe con cui studiare,0,1,0,0,,Adeguato,Molto buono,Abbastanza,Sì,Sì,Abbastanza,"Tranquillo/a, è normale routine",Abbastanza bene,io sto bene con il mio gruppo di amici e vado a scuola felice per loro,Relazioni/Clima,Discreto,Poco,Mai,Molto,"l’unica cosa che vorrei sono i termosifoni accessi a dicembre, non a maggio ",,,chimica allo scienze umane. serve a ben poco fatta per 5 anni,0,0,0,0,0,0,0,0,1,0,0,0,0,0,alcune ore mi sembrano disorganizzate,0,0,0,0,0,0,parlarne solo con la classe,Sì,No,Sì,vorrei laurearmi in ambito delle professioni sanitarie private,6
Quarto anno,Poco,4 ore o più,Creare riassunti/mappe con cui studiare,0,1,0,0,,Troppo pesante,Buono,Per nulla,No,Sì,Abbastanza,Stressato/a o sotto pressione,Molto bene,il prof. Olly ,Altro/Varie,Buono,Per nulla,A volte,Per nulla,niente. Cambierei prof. Olly ,,,Religione perché la trovo abbastanza inutile ,0,0,0,0,0,0,1,0,0,0,0,0,0,0,gestire lo studio per il troppo carico ,0,0,0,0,0,1,Utilizzare l'ora di ed. civica per favorire il dialogo tra i compagni/insegnanti,Sì,No,No,mi sono appassionata ad altre materie ,8
Secondo anno,Abbastanza,Non studio ogni giorno (solo prima delle verifiche),Creare riassunti/mappe con cui studiare,0,1,0,0,,Adeguato,Buono,Molto,Sì,No,Abbastanza,Stressato/a o sotto pressione,Abbastanza bene,la collaborazione,Relazioni/Clima,Buono,Per nulla,A volte,Abbastanza,cambierei il metodo dei professori ,,Didattica/Docenti,latino giuridico e chimica ,0,1,0,0,0,0,0,0,1,0,0,0,0,1,Dialogo con i professori,1,0,0,0,0,0,Utilizzare l'ora di ed. civica per favorire il dialogo tra i compagni/insegnanti,Sì,Non so,Sì,,7
Quarto anno,Per nulla,2 ore,"Creare riassunti/mappe con cui studiare, Ripassare",0,1,1,0,,Abbastanza pesante,Ho delle insufficienze,Poco,Non quanto mi piacerebbe,Sì,Abbastanza,Stressato/a o sotto pressione,Abbastanza bene,,,Discreto,Abbastanza,Spesso,Abbastanza,cambierei l’organizzazione ,,Organizzazione,forse toglierei fisica e biologia che non mi sembrano molto inerenti all’indirizzo,0,0,1,0,0,0,0,0,1,0,0,0,0,1,"i professori spesso sono noiosi e non riesco a seguire, preferenze che hanno i professori",0,0,0,0,0,0,Colloquio individuale con la psicologa presente presso l'istituto,Non so,No,Sì,,6
Quinto anno,Abbastanza,1 ora,Creare riassunti/mappe con cui studiare,0,1,0,0,,Adeguato,Buono,Abbastanza,Sì,Sì,Molto,"Tranquillo/a, è normale routine",Molto bene,la nostra amicizia ,Relazioni/Clima,Buono,Abbastanza,A volte,Abbastanza,cambierei l’organizzazione ,,Organizzazione,nessuna,0,0,0,0,0,0,0,0,0,0,0,0,0,1,Difficoltà di comprensione delle materie,0,0,1,0,0,0,Utilizzare l'ora di ed. civica per favorire il dialogo tra i compagni/insegnanti,Sì,Sì,Sì,"Si, perchè m’interessa quest’ambito ",8
Terzo anno,Abbastanza,3 ore,Creare riassunti/mappe con cui studiare,0,1,0,0,,Adeguato,Buono,Poco,Non quanto mi piacerebbe,Sì,Molto,"Tranquillo/a, è normale routine",Molto bene,complicità ,Relazioni/Clima,Buono,Poco,Mai,Abbastanza,"mi piacciono i professori, ne cambierei alcuni",Docenti,,"fisica, abominevole ",0,0,1,0,0,0,0,0,0,0,0,0,0,0,,0,0,0,0,0,0,,Sì,No,Non so,,7
Quinto anno,Abbastanza,2 ore,"Creare riassunti/mappe con cui studiare, Ripassare",0,1,1,0,,Adeguato,Molto buono,Abbastanza,Sì,Sì,Molto,Motivato/a e felice,Molto bene,il rapporto con tra i compagni e con i professori ,Relazioni/Clima,Ottimo,Molto,Mai,Molto,"mi piace l'ambiente, il modo in cui ci rapportiamo con i professori, le materie che studiamo. non c'è nulla in particolare che cambierei ",Relazioni/Ambiente,,nessuna materia in particolare,0,0,0,0,0,0,0,0,0,0,0,0,0,1,non incontro difficoltà se non raramente riguardo lo studio di qualche argomento nello specifico ,0,0,0,0,0,1,Colloquio individuale con la psicologa presente presso l'istituto,Sì,No,Sì,l'indirizzo che ho scelto è strettamente collegato all'università che voglio intraprendere ,8
Secondo anno,Molto,2 ore,se non capisco un argomento/esercizio me lo faccio spiegare ,0,0,0,0,se non capisco un argomento/esercizio me lo faccio spiegare,Abbastanza pesante,Molto buono,Poco,Non quanto mi piacerebbe,Sì,Molto,Stressato/a o sotto pressione,Molto bene,l’assenza maschile e il fatto che siamo molto unite e complici tra di noi,Altro/Varie,Buono,Abbastanza,Mai,Abbastanza,mi piace che ci siano classi piccole dove l’apprendimento è più facile,,,,0,0,0,0,0,0,0,0,0,0,0,0,0,0,difficoltà a seguire le lezioni a causa di appunti e interruzioni continue da parte della prof. Olly,0,0,0,0,0,0,,Sì,No,Sì,ho scelto questa scuola proprio perché sin da piccola sogno di lavorare nell’ambito delle scienze umane,8
Secondo anno,Poco,2 ore,Creare riassunti/mappe con cui studiare,0,1,0,0,,Adeguato,Sto sulla sufficienza,Poco,Sì,No,Abbastanza,"Tranquillo/a, è normale routine",Molto bene,Siamo tutte abbastanza unite,Relazioni/Clima,Discreto,Abbastanza,Mai,Abbastanza,Mi piace come è strutturata e cambierei forse che alcuni professori devono essere più comprensivi,,Didattica/Docenti,No,0,0,0,0,0,0,0,0,0,0,0,0,0,1,Dialogo con i professori,1,0,0,0,0,0,Parlare con qualcuno,Sì,No,Sì,Mi piacciono queste materie forse tranne alcune non so ,7
Quinto anno,Abbastanza,3 ore,Creare riassunti/mappe con cui studiare,0,1,0,0,,Troppo pesante,Buono,Poco,No,No,Molto,Stressato/a o sotto pressione,Molto bene,il clima che si crea tra noi compagni ,Relazioni/Clima,Buono,Molto,A volte,Abbastanza,cambierei l’organizzazione della segreteria ,,Organizzazione,francese perché è inutile ,0,0,0,0,0,0,0,0,0,0,0,1,0,0,Difficoltà di comprensione delle materie,0,0,1,0,0,0,Colloquio individuale con la psicologa presente presso l'istituto,Non so,Non so,Sì,no ,7
Terzo anno,Abbastanza,4 ore o più,"Creare riassunti/mappe con cui studiare, Ripassare",0,1,1,0,,Adeguato,Sto sulla sufficienza,Poco,Non quanto mi piacerebbe,No,Abbastanza,Stressato/a o sotto pressione,Molto bene,,,Discreto,Abbastanza,A volte,Abbastanza,,,,,0,0,0,0,0,0,0,0,0,0,0,0,0,0,"Dialogo con i professori, Difficoltà di comprensione delle materie",1,0,1,0,0,0,Colloquio individuale con la psicologa presente presso l'istituto,Sì,Non so,Sì,si,6
Secondo anno,Abbastanza,2 ore,Creare riassunti/mappe con cui studiare,0,1,0,0,,Adeguato,Buono,Abbastanza,Sì,Sì,Molto,"Tranquillo/a, è normale routine",Molto bene,il clima che si è creato ,Relazioni/Clima,Buono,Abbastanza,Mai,Abbastanza,"mi piacciono le materie che si svolgono e cambierei l’impostazione alunno-prof, cambiandolo in un rapporto più umano e comprensibile ",Attività/Materie,,,0,0,0,0,0,0,0,0,0,0,0,0,0,0,non riscontro problematiche ,0,0,0,0,0,0,Colloquio individuale con la psicologa presente presso l'istituto,Sì,Non so,Non so,ancora sono indeciso ma è nel mezzo tra continuare il rapo intrapreso che nuovi argomenti ,8
Quinto anno,Molto,2 ore,come supporto quando non capisco qualcosa o per aiutarmi a velocizzare alcune mansioni ,0,0,0,0,come supporto quando non capisco qualcosa o per aiutarmi a velocizzare alcune mansioni,Abbastanza pesante,Molto buono,Poco,Non quanto mi piacerebbe,No,Poco,"Tranquillo/a, è normale routine",Poco,qualche inside joke ,Altro/Varie,Buono,Molto,A volte,Molto,scegliere meglio le materie a cui dare più importanza ,,,"forse più che togliere aggiungerei materie o magari incrementerei educazione civica parlando anche delle cose materiali tipo le tasse, gestione dei soldi ecc",0,0,0,0,0,0,0,0,0,0,1,0,0,0,,0,0,0,0,0,0,Colloquio individuale con la psicologa presente presso l'istituto,Sì,Non so,Sì,vorrei continuare quel percorso ,6
Primo anno,Poco,3 ore,"Creare riassunti/mappe con cui studiare, Compiti al posto mio",0,1,0,1,,Abbastanza pesante,Buono,Per nulla,Non quanto mi piacerebbe,Sì,Per nulla,Stressato/a o sotto pressione,Poco,nulla ,Nulla,Buono,Abbastanza,Spesso,Abbastanza,metterei una palestra al chiuso e ridurrei il carico di studio ,,Organizzazione,"chimica e fisica, inutili ",0,0,1,0,0,0,0,0,1,0,0,0,0,0,Dialogo con i compagni di classe,0,1,0,0,0,0,Colloquio individuale con la psicologa presente presso l'istituto,Sì,No,Non so,"probabilmente sceglierei medicina o lingue, quindi si, le materie del primo anno influiscono parecchio sulle mie idee per l'università. ",9
Primo anno,Abbastanza,2 ore,Creare riassunti/mappe con cui studiare,0,1,0,0,,Abbastanza pesante,Ho delle insufficienze,Abbastanza,Sì,No,Molto,Stressato/a o sotto pressione,Molto bene,,,Discreto,Poco,Mai,Abbastanza,,,,chimica ,0,0,0,0,0,0,0,0,1,0,0,0,0,0,Difficoltà di comprensione delle materie,0,0,1,0,0,0,Utilizzare l'ora di ed. civica per favorire il dialogo tra i compagni/insegnanti,Sì,No,Sì,,6
Quinto anno,Abbastanza,4 ore o più,Creare riassunti/mappe con cui studiare,0,1,0,0,,Adeguato,Buono,Poco,Non quanto mi piacerebbe,No,Molto,"Tranquillo/a, è normale routine",Molto bene,confronto ,Altro/Varie,Discreto,Abbastanza,Mai,Molto,"Sì mi piace , forse ci vuole solo un po’ più di organizzazione ",,Organizzazione,,0,0,0,0,0,0,0,0,0,0,0,0,0,0,Difficoltà a seguire le lezioni a causa di un lessico tecnico troppo complesso,0,0,0,1,0,0,Colloquio individuale con la psicologa presente presso l'istituto,Sì,No,Sì,,8
Secondo anno,Per nulla,1 ora,"Ripassare, Compiti al posto mio",0,0,1,1,,Abbastanza pesante,Ho delle insufficienze,Poco,Non quanto mi piacerebbe,No,Abbastanza,Stressato/a o sotto pressione,Abbastanza bene,l’assenza di maschi,Altro/Varie,Discreto,Abbastanza,Spesso,Abbastanza,"👍🏻: pochi ragazzi
👎🏻: pochi ragazzi",,,"chimica, almeno negli indirizzi che ci sono nella nostra scuola, non la ritengo una materia tanto utile",0,0,0,0,0,0,0,0,1,0,0,0,0,1,Difficoltà di comprensione delle materie,0,0,1,0,0,0,Colloquio individuale con la psicologa presente presso l'istituto,Non so,Sì,Sì,no.,6
Terzo anno,Abbastanza,3 ore,"Creare riassunti/mappe con cui studiare, Ripassare",0,1,1,0,,Troppo pesante,Buono,Poco,Non quanto mi piacerebbe,Sì,Molto,"Tranquillo/a, è normale routine",Molto bene,,,Buono,Molto,Mai,Molto,,,,Chimica ,0,0,0,0,0,0,0,0,1,0,0,0,0,0,Difficoltà di comprensione delle materie,0,0,1,0,0,0,,Sì,No,Sì,,7
Primo anno,Abbastanza,2 ore,Creare riassunti/mappe con cui studiare,0,1,0,0,,Abbastanza pesante,Buono,Abbastanza,Sì,Sì,Abbastanza,"Tranquillo/a, è normale routine",Abbastanza bene,Il fatto che siamo poche persone ,Altro/Varie,Buono,Abbastanza,A volte,Molto,,,,"Toglierei chimica perché è una materia difficile, che spesso non tutti comprendono",0,0,0,0,0,0,0,0,1,0,0,0,0,1,Difficoltà di comprensione delle materie,0,0,1,0,0,0,Colloquio individuale con la psicologa presente presso l'istituto,Sì,No,Sì,,9
Quarto anno,Poco,3 ore,Creare riassunti/mappe con cui studiare,0,1,0,0,,Abbastanza pesante,Buono,Poco,Non quanto mi piacerebbe,Sì,Per nulla,Stressato/a o sotto pressione,Poco,,,Discreto,Abbastanza,A volte,Abbastanza,,,,,0,0,0,0,0,0,0,0,0,0,0,0,0,0,Dialogo con i compagni di classe,0,1,0,0,0,0,Colloquio individuale con la psicologa presente presso l'istituto,Non so,Sì,No,,6
Primo anno,Abbastanza,2 ore,Creare riassunti/mappe con cui studiare,0,1,0,0,,Adeguato,Buono,Per nulla,No,No,Poco,Stressato/a o sotto pressione,Abbastanza bene,nulla,Nulla,Discreto,Abbastanza,A volte,Abbastanza,ci vorrebbe una palestra e bisognerebbe organizzare più attività ricreative ,Attività/Materie,Struttura/Edificio,boh ,0,0,0,0,0,0,0,0,0,0,0,0,0,0,nessuna in particolare ,0,0,0,0,0,0,Utilizzare l'ora di ed. civica per favorire il dialogo tra i compagni/insegnanti,Sì,Non so,Sì,"Al momento, facendo il primo, mi piacerebbe intraprendere uno studio di scienze politiche. Però può darsi che col tempo possa cambiare idea.",6
Primo anno,Poco,3 ore,Creare riassunti/mappe con cui studiare,0,1,0,0,,Abbastanza pesante,Ho delle insufficienze,Poco,Non quanto mi piacerebbe,Sì,Abbastanza,Stressato/a o sotto pressione,Abbastanza bene,,,Buono,Abbastanza,Spesso,Abbastanza,,,,latino e storia,0,1,0,0,1,0,0,0,0,0,0,0,0,1,Difficoltà di comprensione delle materie,0,0,1,0,0,0,,Non so,Sì,Non so,,6
Secondo anno,Abbastanza,3 ore,Non la utilizzo,1,0,0,0,,Adeguato,Buono,Abbastanza,Sì,,Abbastanza,"Tranquillo/a, è normale routine",Abbastanza bene,Siamo unite ,Relazioni/Clima,Discreto,Molto,Spesso,Abbastanza,In generale è una scuola molto unite e non cambierei nulla ,Tutto,,"Chimica , non fa per me ",0,0,0,0,0,0,0,0,1,0,0,0,0,1,Difficoltà di comprensione delle materie,0,0,1,0,0,0,Non saprei ,Sì,No,No,Vorrei fare altro ,8
Quarto anno,Poco,4 ore o più,Creare riassunti/mappe con cui studiare,0,1,0,0,,Troppo pesante,Molto buono,Poco,No,No,Abbastanza,Stressato/a o sotto pressione,Abbastanza bene,l'atmosfera ,Altro/Varie,Discreto,Abbastanza,A volte,Abbastanza,"mi piace quello che studio,cambierei il troppo carico ",,,no,0,0,0,0,0,0,0,0,0,0,0,0,0,1,Dialogo con i professori,1,0,0,0,0,0,Utilizzare l'ora di ed. civica per favorire il dialogo tra i compagni/insegnanti,Sì,No,Non so,vorrei fare qualcosa correlato,3
Quarto anno,Poco,4 ore o più,Creare riassunti/mappe con cui studiare,0,1,0,0,,Abbastanza pesante,Molto buono,Poco,Non quanto mi piacerebbe,Sì,Molto,Motivato/a e felice,Molto bene,ci troviamo tutti nella stessa situazione e ci aiutiamo a vicenda ,Altro/Varie,Buono,Poco,Mai,Molto,le materie mi piacciono magari se mettessero 15 minuti di ricreazione,,,scienze,0,0,0,0,0,0,0,0,1,0,0,0,0,0,bo,0,0,0,0,0,0,Utilizzare l'ora di ed. civica per favorire il dialogo tra i compagni/insegnanti,Sì,No,No,bello ma no,7
Secondo anno,Abbastanza,2 ore,"Creare riassunti/mappe con cui studiare, Ripassare",0,1,1,0,,Abbastanza pesante,Buono,Per nulla,No,No,Abbastanza,Stressato/a o sotto pressione,Molto bene,il rapporto con i compagni ,Relazioni/Clima,Discreto,Abbastanza,Spesso,Per nulla,non so rispondere alla domanda ,,,Attualmente non toglierei alcuna materia,0,0,0,0,0,0,0,0,0,0,0,0,0,1,"Dialogo con i professori, Difficoltà di comprensione delle materie",1,0,1,0,0,0,Utilizzare l'ora di ed. civica per favorire il dialogo tra i compagni/insegnanti,No,Sì,Non so,alcuni professori mi hanno fatto pentire della scelta fatta,2
Secondo anno,Abbastanza,3 ore,Creare riassunti/mappe con cui studiare,0,1,0,0,,Abbastanza pesante,Buono,Poco,Non quanto mi piacerebbe,Sì,Molto,"Tranquillo/a, è normale routine",Molto bene,l’unità tra di noi ,Altro/Varie,Buono,Poco,A volte,Abbastanza,"mi piacciono i progetti teatrali che a volte sono proposti, ma credo anche che questa scuola debba fare dei passi in avanti e non rimanere troppo indietro rispetto alle altre scuole. Aggiungerei anche che ogni studente vorrebbe essere un po più compreso dai prof e che capissero che siamo esseri umani e che se c’è un carico elevato di compiti, presentazioni power point o lavori di gruppo, un adolescente dopo un po tende a “scoppiare”. Quindi chiederei di mettersi un po’ più nei panni degli alunni. Inoltre non capisco il perché della rotazione dei posti in una classe già unita che non è un primo. Inoltre l assenza di una palestra al chiuso è veramente molto scomoda e inoltre quest’anno anche con l impossibilità di andare alle scuole medie é ancora peggio.",Attività/Materie,Struttura/Edificio,"non leverei nessuna materia ora come ora, ma magari cominciare a parlare di temi di attualità o riguardo la politica ad esempio o di ciò che succede nel mondo.",0,0,0,0,0,0,0,0,0,0,0,0,0,1,mancanza di concentrazione in alcune ore,0,0,0,0,1,0,Colloquio individuale con la psicologa presente presso l'istituto,Sì,Non so,Sì,Ho scelto quella scuola perché riesco meglio nelle materie umanistiche e di conseguenza mi piacerebbe continuare lo studio di esse  ,7
Secondo anno,Abbastanza,1 ora,Creare riassunti/mappe con cui studiare,0,1,0,0,,Abbastanza pesante,Buono,Poco,Sì,Sì,Molto,Stressato/a o sotto pressione,Molto bene,Perché siamo unite ,Relazioni/Clima,Discreto,Abbastanza,A volte,Abbastanza,prof. Olly ,,,"Latino, e inutile ",0,1,0,0,0,0,0,0,0,0,0,0,0,1,"Difficoltà di comprensione delle materie, Difficoltà a seguire le lezioni a causa di un lessico tecnico troppo complesso",0,0,1,1,0,0,Colloquio individuale con la psicologa presente presso l'istituto,Non so,Non so,Non so,No,6
Quarto anno,Abbastanza,4 ore o più,"Creare riassunti/mappe con cui studiare, Ripassare",0,1,1,0,,Abbastanza pesante,Buono,Poco,Non quanto mi piacerebbe,Sì,Abbastanza,Stressato/a o sotto pressione,Molto bene,l’atmosfera ,Altro/Varie,Discreto,Abbastanza,A volte,Abbastanza,cambierei il metodo utilizzato e l’utilizzo delle ore disponibili per svolgere le lezioni correttamente senza prendere minuti dalle alte ore o senza far perdere minuti della ricreazione  agli alunni ,,Didattica/Docenti,per il linguistico mi concentrerei più sulle materie linguistiche che su quelle umanistiche e farei più ora di inglese ,0,0,0,1,0,0,0,0,0,0,0,0,0,0,"Dialogo con i professori, Difficoltà di comprensione delle materie",1,0,1,0,0,0,Colloquio individuale con la psicologa presente presso l'istituto,Non so,Sì,Non so,no perché questo corso mi ha dato la base per quello che vorrò ma non è ciò che voglio fare ,6
Quarto anno,Abbastanza,4 ore o più,Non la utilizzo,1,0,0,0,,Abbastanza pesante,Molto buono,Poco,Non quanto mi piacerebbe,Sì,Poco,"Tranquillo/a, è normale routine",Abbastanza bene,Ridere per sdrammatizzare dalla drammaticità della quantità di compiti e verifiche,Umorismo/Divertimento,Buono,Molto,A volte,Molto,Il rapporto con molti prof è rilassato e tranquillo molto spessk anche scherzoso. Cambierei l'organizzazione,Relazioni/Ambiente,Organizzazione,Fisica (senza applicazioni pratiche). Preferirei sapere come funziona il motore di una macchina in vista della patente meglio della sola formula poco pratica nella vita,0,0,1,0,0,0,0,0,0,0,0,0,0,0,Organizzazione con la segreteria e tra professori,0,0,0,0,0,0,Psicologo presente tutto l'anno da vonsultare al bisogno.,Sì,No,No,Al primo anno andavo allo scientifico...ecco perché ho cambiato. Dal secondo la mia vita è cambiata e vonsiglio a chiunque si senta oppresso da scuola/materie/compagni/professori/genitori di cambiare per la propria sanità mentale e fisica,8
Primo anno,Poco,1 ora,Creare riassunti/mappe con cui studiare,0,1,0,0,,Adeguato,Buono,Molto,Sì,No,Abbastanza,"Tranquillo/a, è normale routine",Molto bene,stare insieme e parlare ,Altro/Varie,Buono,Molto,Mai,Molto,"mi piacciono i professori , le materie e stare con le mie amiche cambierei solo i bagni perché sono rovinati sopra ",Docenti,Struttura/Edificio,latino ,0,1,0,0,0,0,0,0,0,0,0,0,0,1,"Dialogo con i professori, Dialogo con i compagni di classe, Difficoltà di comprensione delle materie",1,1,1,0,0,0,Colloquio individuale con la psicologa presente presso l'istituto,Sì,No,Sì,sì vorrei andare a l’università e diventare maestra d’asilo materno,8
Primo anno,Abbastanza,2 ore,per informarmi su argomenti che non so,0,0,0,0,per informarmi su argomenti che non so,Adeguato,Buono,Poco,Non quanto mi piacerebbe,Sì,Molto,"Tranquillo/a, è normale routine",Abbastanza bene,le mie compagne di banco,Relazioni/Clima,Discreto,Abbastanza,A volte,Molto,"mi piace l’ambiente tranquillo,cambierei il luogo poiché prendo due pullman",Relazioni/Ambiente,Organizzazione,"latino, non riesco a capirlo, non lo trovo spronante",0,1,0,0,0,0,0,0,0,0,0,0,0,1,Dialogo con i professori,1,0,0,0,0,0,Colloquio individuale con la psicologa presente presso l'istituto,Sì,No,Sì,,8
Quarto anno,Abbastanza,4 ore o più,"Creare riassunti/mappe con cui studiare, Ripassare",0,1,1,0,,Adeguato,Buono,Poco,Sì,Sì,Abbastanza,Stressato/a o sotto pressione,Abbastanza bene,,,Buono,,A volte,Molto,,,,,0,0,0,0,0,0,0,0,0,0,0,0,0,0,,0,0,0,0,0,0,Colloquio individuale con la psicologa presente presso l'istituto,Sì,No,Sì,,8
Quarto anno,Poco,1 ora,Farmi spiegare lì dove io non riesco a capire,0,0,0,0,Farmi spiegare lì dove io non riesco a capire,Adeguato,Buono,Poco,Non quanto mi piacerebbe,Sì,Per nulla,Stressato/a o sotto pressione,Abbastanza bene,"la vivacità 
",Altro/Varie,Buono,Abbastanza,Spesso,Per nulla,L,,,Non lo so ,0,0,0,0,0,0,0,0,0,0,0,0,0,1,Difficoltà di comprensione delle materie,0,0,1,0,0,0,Colloquio individuale con la psicologa presente presso l'istituto,Sì,Sì,Non so,,4
Terzo anno,Abbastanza,2 ore,Compiti al posto mio,0,0,0,1,,Adeguato,Molto buono,Abbastanza,Sì,Sì,Poco,"Tranquillo/a, è normale routine",Abbastanza bene,boh,Altro/Varie,Buono,Abbastanza,A volte,Abbastanza,"la matematica, farei fare più ore di matematica ",,,chimica ,0,0,0,0,0,0,0,0,1,0,0,0,0,0,,0,0,0,0,0,0,,Non so,Non so,Non so,boh,6
Primo anno,Abbastanza,4 ore o più,Creare riassunti/mappe con cui studiare,0,1,0,0,,Adeguato,Sto sulla sufficienza,Poco,No,No,Abbastanza,Stressato/a o sotto pressione,Abbastanza bene,Il fatto che nonostante non  andiamo d'accordo proprio con tutti il clima della classe e bello.,Relazioni/Clima,Buono,Molto,A volte,Molto,"Mi piacciono le materie , forse cambierei qualche professore",Attività/Materie,Didattica/Docenti,Toglierei latino perché  per molti studenti e molto difficile da studiare e capire ,0,1,0,0,0,0,0,0,0,0,0,0,0,1,Difficoltà a seguire le lezioni a causa di un lessico tecnico troppo complesso,0,0,0,1,0,0,Colloquio individuale con la psicologa presente presso l'istituto,Sì,No,Sì,,6
Terzo anno,Abbastanza,Non studio ogni giorno (solo prima delle verifiche),Creare riassunti/mappe con cui studiare,0,1,0,0,,Abbastanza pesante,Buono,Poco,Sì,Sì,Abbastanza,"Tranquillo/a, è normale routine",Abbastanza bene,siamo uniti ,Relazioni/Clima,Buono,Abbastanza,Mai,Poco,non mi piace niente tranne una materia ,,,storia arte e fisica  perche troppo pesanti ,0,0,1,0,1,0,0,0,0,0,0,0,1,0,Difficoltà a seguire le lezioni a causa di un lessico tecnico troppo complesso,0,0,0,1,0,0,Colloquio individuale con la psicologa presente presso l'istituto,Non so,Sì,Sì,ramo di economia ,3
Secondo anno,Abbastanza,4 ore o più,"Ripassare, mi faccio spiegare in modo più semplice certi concetti/paragrafi.",0,0,1,0,,Adeguato,Molto buono,Per nulla,Non quanto mi piacerebbe,No,Poco,"Tranquillo/a, è normale routine",Abbastanza bene,siamo tutti abbastanza maturi e riusciamo a risolvere le cose con razionalità,Altro/Varie,Buono,Abbastanza,Mai,Molto,"mi piace il fatto che è molto tranquilla come scuola. cambierei la quantità di pullman che vengono al ritorno (mi riferisco al pullman che prendono le persone che escono alle 13:30 per via della coincidenza). perchè molto spesso c’è molto gente che resta in piedi perchè ci sono persone che, nonostante non debbano prendere la coincidenza per tornare a casa e quindi possono prendere anche il secondo pullman che arriva 10 minuti più tardi, continuano a prendere il bus delle 13:30. questo per me è da cambiare perchè è capitato a me, ma anche ad altre persone, che l’autista non mi poteva far salire, giustamente, perchè stava già troppa gente in piedi, quando io però ho la necessità di prendere questo pullman delle 13:30 perchè non ho nessuno che può venirmi a prendere se perdo la coincidenza. poi alla fine mi hanno fatto salire, dal momento in cui ho iniziato ad insistere e fatto vedere l’abbonamento anche dell’altro pullman per tornare a casa. quindi secondo me questa situazione deve essere gestita un po’ meglio. ",Relazioni/Ambiente,Organizzazione,penso nessuna o forse toglierei scrittura creativa che si fa al bienno dello scienze umane perchè la ritengo un po’ “inutile”. al posto di questo si potrebbero fare degli approfondimenti/riflessioni su alcune tematiche o argomenti o chi vuole anticipare i compiti. ,0,0,0,0,0,0,0,0,1,0,0,0,0,1,"Dialogo con i professori, a volte in certe materie non riesco a tenere il passo",1,0,0,0,0,0,Colloquio individuale con la psicologa presente presso l'istituto,Sì,Non so,Sì,"mi piacerebbe continuare questi studi perchè, il lavoro che vorrei fare si concentra proprio su queste discipline che ho scelto. quindi sì, però però non ne sono molto sicura perchè ho paura di “stancarmi” o cambiare idea. ",8
Terzo anno,Abbastanza,Non studio ogni giorno (solo prima delle verifiche),"Creare riassunti/mappe con cui studiare, Ripassare",0,1,1,0,,Abbastanza pesante,Molto buono,Abbastanza,Non quanto mi piacerebbe,Sì,Abbastanza,Stressato/a o sotto pressione,Molto bene,il fatto che scambiamo tante opinioni,Altro/Varie,Buono,Molto,A volte,Abbastanza,"mi piacciono le opportunità di viaggi, certificazioni e corsi, ma per niente l’organizzazione delle lezioni, delle uscite…e soprattutto il fatto che non è ben accetto il pensiero critico in certe circostanze, più spazio alle nostre idee!!!!!",,Organizzazione,"non bisogna togliere nulla, bisogna solo ridurre alcune cose dei programmi o seguirli in anni diversi, alcune cose vengono trascurate, su altre ci si sofferma troppo.",0,0,0,0,0,0,0,0,0,0,0,0,0,1,"Dialogo con i professori, mantenere l’attenzione",1,0,0,0,1,0,Istituire a scuola un unità di pedagogia scolastica,Non so,Non so,Sì,credo che nessun’altra scuola offra l’opportunitá di studiare determinate materie,6
Quinto anno,Abbastanza,3 ore,"Creare riassunti/mappe con cui studiare, Ripassare",0,1,1,0,,Abbastanza pesante,Buono,Poco,Sì,Sì,Molto,"Tranquillo/a, è normale routine",Abbastanza bene,il rapporto che si è creato ,Relazioni/Clima,Buono,Abbastanza,Mai,Abbastanza,"mi piacciono i professori, ambierei l’organizzazione ",Docenti,Organizzazione,no,0,0,0,0,0,0,0,0,0,0,0,0,0,1,"Difficoltà di comprensione delle materie, ",0,0,1,0,0,0,Colloquio individuale con la psicologa presente presso l'istituto,Sì,Sì,No,ho scelto un università completamente diversa ,7
Quinto anno,Abbastanza,3 ore,"Creare riassunti/mappe con cui studiare, Ripassare",0,1,1,0,,Adeguato,Molto buono,Abbastanza,Sì,No,Abbastanza,"Tranquillo/a, è normale routine",Abbastanza bene,,,Ottimo,Poco,Mai,Molto,,,,,0,0,0,0,0,0,0,0,0,0,0,0,0,0,,0,0,0,0,0,0,,Sì,Sì,Sì,,7
Quinto anno,Abbastanza,4 ore o più,Creare riassunti/mappe con cui studiare,0,1,0,0,,Troppo pesante,Molto buono,Poco,Non quanto mi piacerebbe,Sì,Abbastanza,Stressato/a o sotto pressione,Abbastanza bene,La mia compagna di banco,Altro/Varie,Buono,Abbastanza,A volte,Molto,Troppo carico ,,,Scienze,0,0,0,0,0,0,0,0,1,0,0,0,0,0,,0,0,0,0,0,0,Colloquio individuale con la psicologa presente presso l'istituto,Sì,No,Sì,Mi piacciono e sono affini a quello che vorrò fare in futuro ,7
Quarto anno,Abbastanza,2 ore,"Creare riassunti/mappe con cui studiare, Ripassare, Compiti al posto mio",0,1,1,1,,Abbastanza pesante,Sto sulla sufficienza,Poco,No,No,Poco,Stressato/a o sotto pressione,Poco,I momenti di leggerezza,Altro/Varie,Discreto,Poco,A volte,Poco,,,,Si toglierei la filosofia perchè non la ritengo una materia fondamentale e che può servire è bella da studiare ma per me è solo una materia in più come il latino che però non è neanche bello da studiare.,0,1,0,0,0,1,0,0,0,0,0,0,0,1,Difficoltà di comprensione delle materie,0,0,1,0,0,0,meno giorni di scuola.,Sì,Sì,Non so,,3
Secondo anno,Per nulla,Non studio ogni giorno (solo prima delle verifiche),"Ripassare, Compiti al posto mio",0,0,1,1,,Troppo pesante,Buono,Abbastanza,Sì,Sì,Abbastanza,"Tranquillo/a, è normale routine",Abbastanza bene,L'ambiente è sereno,Altro/Varie,Buono,Poco,Mai,Abbastanza,"L'organizzazione, farei una palestra al coperto più vicina",,Organizzazione,Non ne toglierei nessuna,0,0,0,0,0,0,0,0,0,0,0,0,0,1,Difficoltà a seguire le lezioni a causa di un lessico tecnico troppo complesso,0,0,0,1,0,0,Colloquio individuale con la psicologa presente presso l'istituto,Sì,No,Sì,,8
Quinto anno,Poco,Non studio ogni giorno (solo prima delle verifiche),Creare riassunti/mappe con cui studiare,0,1,0,0,,Adeguato,Molto buono,Abbastanza,No,No,Poco,Stressato/a o sotto pressione,Abbastanza bene,,,Buono,Abbastanza,A volte,Abbastanza,"Che organizzano abbastanza attività (teatro,cinema ecc)",Attività/Materie,,"ARTE, non ha senso allo scienze umane ",0,0,0,0,0,0,0,0,1,0,0,0,1,1,Dialogo con i professori,1,0,0,0,0,0,Utilizzare l'ora di ed. civica per favorire il dialogo tra i compagni/insegnanti,No,Sì,No,,6
Terzo anno,Abbastanza,2 ore,Ripassare,0,0,1,0,,Adeguato,Molto buono,Abbastanza,Sì,Sì,Molto,"Tranquillo/a, è normale routine",Molto bene,,,Buono,Abbastanza,Mai,Molto,,,,,0,0,0,0,0,0,0,0,0,0,0,0,0,0,Dialogo con i professori,1,0,0,0,0,0,Utilizzare l'ora di ed. civica per favorire il dialogo tra i compagni/insegnanti,Sì,No,Sì,,9
Secondo anno,Abbastanza,2 ore,"Creare riassunti/mappe con cui studiare, Ripassare",0,1,1,0,,Adeguato,Buono,Poco,Non quanto mi piacerebbe,Sì,Molto,"Tranquillo/a, è normale routine",Molto bene,andiamo d’accordo ,Altro/Varie,Buono,Abbastanza,A volte,Molto,"mi piacciono le materie che studio,ma vorrei che ci fosse una palestra non esterna",Attività/Materie,Struttura/Edificio,chimica,0,0,0,0,0,0,0,0,1,0,0,0,0,0,difficoltà in matematica e chimica ,0,0,0,0,0,0,Utilizzare l'ora di ed. civica per favorire il dialogo tra i compagni/insegnanti,Sì,No,Sì,,7
Primo anno,Abbastanza,3 ore,mi faccio spiegare le cose che non mi sono ben chiare ,0,0,0,0,mi faccio spiegare le cose che non mi sono ben chiare,Adeguato,Buono,Abbastanza,Sì,Sì,Molto,"Tranquillo/a, è normale routine",Molto bene,che tutti abbiamo il senso dell'umorismo e quindi ci divertiamo l'uno l'altro.,Altro/Varie,Discreto,Poco,Mai,Molto,"la cosa che mi piace di questa scuola è la libertà e la fiducia che ci danno i professori. 
cambierei la testaggine che alcune volte hanno certi professori/professoresse. ",,,"togliere no, però io apprezzerei di più se magari assieme alla storia normale che facciamo, aggiungessero altri tipi di storia quindi per esempio la storia delle streghe o la storia di fatti anche più recenti come per esempio le torture in Inghilterra o il caso di Lady Daiana. ",0,0,0,1,1,0,0,0,0,0,0,0,0,1,"Dialogo con i professori, Difficoltà a seguire le lezioni a causa di un lessico tecnico troppo complesso",1,0,0,1,0,0,Utilizzare l'ora di ed. civica per favorire il dialogo tra i compagni/insegnanti,Non so,No,Sì,si io vorrei continuare perché scoprendo anche in sé per sé la materia mi piace molto ,9
Secondo anno,Poco,4 ore o più,Creare riassunti/mappe con cui studiare,0,1,0,0,,Adeguato,Buono,Abbastanza,Sì,Sì,Molto,"Tranquillo/a, è normale routine",Molto bene,la simpatia ,Umorismo/Divertimento,Buono,Abbastanza,Mai,Molto,"mi piace l’ambiente calmo,cambierei alcuni prof",Relazioni/Ambiente,Didattica/Docenti,religione perché è solo un ora sprecata quando si potrebbe parlare di attualità visto che ad oggi con tutte le cose che accadono sarebbe molto utile,0,0,0,0,0,0,1,0,0,0,0,0,0,1,Difficoltà di comprensione delle materie,0,0,1,0,0,0,Utilizzare l'ora di ed. civica per favorire il dialogo tra i compagni/insegnanti,Sì,No,Sì,,8
Secondo anno,Poco,2 ore,Creare riassunti/mappe con cui studiare,0,1,0,0,,Abbastanza pesante,Sto sulla sufficienza,Poco,Non quanto mi piacerebbe,No,Molto,"Tranquillo/a, è normale routine",Molto bene,Il rapporto genuino con i miei compagni ,Relazioni/Clima,Buono,Abbastanza,Mai,Abbastanza,Mi piace il sistema scolastico ma cambierei un pò il metodo di insegnamento di alcuni professori.,,Didattica/Docenti,Matematica ,1,0,0,0,0,0,0,0,0,0,0,0,0,0,Nessuna ,0,0,0,0,0,0,Colloquio individuale con la psicologa presente presso l'istituto,Sì,Non so,Sì,Perchè mi appassiona,7
Secondo anno,Abbastanza,2 ore,Ripassare,0,0,1,0,,Abbastanza pesante,Molto buono,Poco,Non quanto mi piacerebbe,Sì,Per nulla,Stressato/a o sotto pressione,Poco,Nulla,Nulla,Buono,Poco,Spesso,Molto,Una palestra al chiuso,,Struttura/Edificio,Niente,0,0,0,0,0,0,0,0,0,0,0,0,0,0,"Dialogo con i compagni di classe, Difficoltà a seguire le lezioni a causa di un lessico tecnico troppo complesso",0,1,0,1,0,0,Istituire a scuola un unità di pedagogia scolastica,Sì,No,Sì,,7
Primo anno,Poco,2 ore,Creare riassunti/mappe con cui studiare,0,1,0,0,,Abbastanza pesante,Sto sulla sufficienza,Poco,No,No,Poco,Stressato/a o sotto pressione,Abbastanza bene,Il legame fra di noi,Relazioni/Clima,Buono,Molto,Spesso,Abbastanza,Cambierei il carico di studio ,,Organizzazione,"Chimica, certe persone non sono portate con le materie scientifiche! E avere debiti per nulla è osceno",0,0,0,0,0,0,0,0,1,0,0,0,0,1,"Dialogo con i compagni di classe, Difficoltà di comprensione delle materie, Difficoltà a seguire le lezioni a causa di un lessico tecnico troppo complesso",0,1,1,1,0,0,Colloquio individuale con la psicologa presente presso l'istituto,Sì,Non so,Sì,"Mi piace molto quello che sto studiando, ho poche difficoltà ma intralciano il mio percorso le materie scientifiche come matematica o chimica, per il resto è molto bello",8
Terzo anno,Abbastanza,4 ore o più,Creare riassunti/mappe con cui studiare,0,1,0,0,,Abbastanza pesante,Buono,Poco,Non quanto mi piacerebbe,Sì,Abbastanza,"Tranquillo/a, è normale routine",Molto bene,la complicità che abbiamo instaurato in questi anni ,Relazioni/Clima,Buono,Abbastanza,Mai,Abbastanza,mi piaccio e le materie ma rivedrei le attività extra scolastiche ,Attività/Materie,,togliere nessuna ma diminuire le materie scientifiche aumentando quelle umanistiche per esempio letteratura latina,0,0,0,0,0,0,0,0,0,0,0,0,0,1,Difficoltà a seguire le lezioni a causa di un lessico tecnico troppo complesso,0,0,0,1,0,0,Istituire a scuola un unità di pedagogia scolastica,Sì,No,Sì,,6
Secondo anno,Poco,3 ore,Creare riassunti/mappe con cui studiare,0,1,0,0,,Abbastanza pesante,Ho delle insufficienze,Abbastanza,Sì,Sì,Molto,Stressato/a o sotto pressione,Molto bene,siamo tutti molto uniti,Relazioni/Clima,Buono,Molto,A volte,Abbastanza,mi piace l’ambiente e alcuni professori sono molto comprensivi,Relazioni/Ambiente,Didattica/Docenti,latino,0,1,0,0,0,0,0,0,0,0,0,0,0,1,Difficoltà di comprensione delle materie,0,0,1,0,0,0,Utilizzare l'ora di ed. civica per favorire il dialogo tra i compagni/insegnanti,Non so,No,Sì,,7
Primo anno,Abbastanza,2 ore,Creare riassunti/mappe con cui studiare,0,1,0,0,,Abbastanza pesante,Buono,Poco,Non quanto mi piacerebbe,Sì,Molto,Stressato/a o sotto pressione,Molto bene,l’ambiente ,Altro/Varie,Buono,Abbastanza,Mai,Molto,l’ordinanza sui telefoni ,,,latino ,0,1,0,0,0,0,0,0,0,0,0,0,0,1,Dialogo con i professori,1,0,0,0,0,0,Utilizzare l'ora di ed. civica per favorire il dialogo tra i compagni/insegnanti,Sì,No,Sì,,9
Quarto anno,Abbastanza,3 ore,Creare riassunti/mappe con cui studiare,0,1,0,0,,Troppo pesante,Molto buono,Poco,Non quanto mi piacerebbe,Sì,Abbastanza,Stressato/a o sotto pressione,Abbastanza bene,poter sdrammatizzare insieme sulla mole di studio insopportabile ,Altro/Varie,Buono,Abbastanza,A volte,Abbastanza,"mi piace l'ambiente tranquillo e piacevole, la disponibilità della maggior parte dei professori e i percorsi di studio offerti. non mi piace il carico di studio che spesso è davvero eccessivo e il fatto che continuiamo a non avere la palestra. la mia classe, avendo la prima e l'ultima ora di educazione fisica, non è mai andata nemmeno alla palestra delle medie ",Relazioni/Ambiente,Organizzazione,"anche se i licei sono fatti a posta per includere una formazione base su tutte le materie, io toglierei fisica al linguistico. la trovo inutile e trattata male",0,0,1,1,0,0,0,0,0,0,0,0,0,1,"Dialogo con i professori, difficoltà a gestire lo studio e i compiti ",1,0,0,0,0,1,,Sì,No,Non so,,7
Terzo anno,Poco,4 ore o più,Creare riassunti/mappe con cui studiare,0,1,0,0,,Abbastanza pesante,Sto sulla sufficienza,Per nulla,No,No,Abbastanza,"Tranquillo/a, è normale routine",Molto bene,l’assenza maschile ,Altro/Varie,Discreto,Molto,A volte,Abbastanza,"niente, tutto ",,,FISICA,0,0,1,0,0,0,0,0,0,0,0,0,0,0,"Difficoltà di comprensione delle materie, Difficoltà a seguire le lezioni a causa di un lessico tecnico troppo complesso",0,0,1,1,0,0,,Sì,Non so,Non so,,5
Quarto anno,Abbastanza,4 ore o più,registro e internet per aiuto nello studio,0,0,0,0,registro e internet per aiuto nello studio,Adeguato,Buono,Poco,Non quanto mi piacerebbe,No,Poco,"Tranquillo/a, è normale routine",Poco,,,Buono,Abbastanza,A volte,Abbastanza,mi piace il mio indirizzo ma cambierei alcune cose riguardo all'organizzazione,,Organizzazione,non toglierei nessuna materia,0,0,0,0,0,0,0,0,0,0,0,0,0,1,nessuna,0,0,0,0,0,0,Colloquio individuale con la psicologa presente presso l'istituto,Sì,No,Sì,,7
Secondo anno,Abbastanza,2 ore,,0,0,0,0,,Abbastanza pesante,Buono,Abbastanza,Sì,No,Molto,Motivato/a e felice,Molto bene,Solo noi donne perché ne siamo tante ,Altro/Varie,Buono,Per nulla,Spesso,Abbastanza,Di questa scuola mi piace tutto cambierei solo una cosa ci dovrebbe essere piùcoinvolgimento e ascolto attivo. Esempio: scioperi e iniziative come in altre scuole.,Tutto,,Toglierei come materia chimica ,0,0,0,0,0,0,0,0,1,0,0,0,0,0,"Difficoltà di comprensione delle materie, Difficoltà a seguire le lezioni a causa di un lessico tecnico troppo complesso",0,0,1,1,0,0,,Non so,Non so,Non so,,6
Primo anno,Abbastanza,2 ore,Non la utilizzo,1,0,0,0,,Abbastanza pesante,Molto buono,Abbastanza,Sì,No,Poco,"Tranquillo/a, è normale routine",Abbastanza bene,Il clima tranquillo e non pesante,Relazioni/Clima,Discreto,Molto,A volte,Molto,Non cambierei nulla,Tutto,,"Se fossi Ministro toglierei educazione fisica,perché penso sia una materia necessaria solo per alcuni licei",0,0,1,0,0,0,0,0,0,0,0,0,0,0,Dialogo con i compagni di classe,0,1,0,0,0,0,Utilizzare l'ora di ed. civica per favorire il dialogo tra i compagni/insegnanti,Sì,No,Non so,Perché ho bisogno di intraprendere un altro ramo di studi per i miei progetti futuri,10
Secondo anno,Abbastanza,3 ore,"Creare riassunti/mappe con cui studiare, Compiti al posto mio",0,1,0,1,,Abbastanza pesante,Molto buono,Poco,Sì,Sì,Abbastanza,Stressato/a o sotto pressione,Abbastanza bene,la comprensione tra tutti i compagni,Relazioni/Clima,Buono,Abbastanza,A volte,Abbastanza,mi piace il fatto che ci sono tutte le materie utili per la scelta di qualsiasi eventuale università/lavoro e cambierei l'organizzazione perchè è molto disorganizzata,,Organizzazione,il latino perchè è una lingua antica non parlata più e non ha molto senso studiarla anche se è interessante,0,1,0,1,0,0,0,0,0,0,0,0,0,1,Dialogo con i professori,1,0,0,0,0,0,Utilizzare l'ora di ed. civica per favorire il dialogo tra i compagni/insegnanti,Non so,Sì,Non so,no,7
Secondo anno,Per nulla,Non studio ogni giorno (solo prima delle verifiche),"Creare riassunti/mappe con cui studiare, Ripassare, Compiti al posto mio",0,1,1,1,,Adeguato,Buono,Poco,Non quanto mi piacerebbe,Sì,Poco,"Tranquillo/a, è normale routine",Abbastanza bene,Simpatia ,Umorismo/Divertimento,Discreto,Abbastanza,A volte,Abbastanza,Mi piave perché c’è un bel ambiente ma cambiare i molte cose come il fatto che i professori fanno uscire prima alcune classi con la precedenza che dovrebbero uscire a 30 invece escono prima poi i professori si devono sta più calmi.,Attività/Materie,,"Sì,latino perché ormai è inutile oppure se proprio si deve mettere fino al 3 anno ",0,1,0,0,0,0,0,0,0,0,0,0,0,1,"Dialogo con i professori, Dialogo con i compagni di classe, Difficoltà di comprensione delle materie, Difficoltà a seguire le lezioni a causa di un lessico tecnico troppo complesso",1,1,1,1,0,0,Utilizzare l'ora di ed. civica per favorire il dialogo tra i compagni/insegnanti,Sì,Non so,Non so,Bho,7
Quarto anno,Poco,4 ore o più,"Creare riassunti/mappe con cui studiare, Ripassare, Compiti al posto mio, ricerche e approfondimenti ",0,1,1,1,,Troppo pesante,Buono,Per nulla,Non quanto mi piacerebbe,Sì,Abbastanza,"Tranquillo/a, è normale routine",Molto bene,"da quest’anno la classe sembra molto unita, abbiamo delle nostre battute e un nostro tipo di umorismo che al di fuori della classe nessuno capirebbe",Nulla,Buono,Abbastanza,A volte,Molto,"cambierei prof. Olly e anche alcuni elementi nel corpo docenti, eviterei di specificare ",,,"Biologia,  la trovo inutile
divina commedia, studiarla quando si fa anche dante va bene ma perché la devo fare per 3 anni",0,0,0,0,0,0,0,0,1,0,0,0,0,0,"Dialogo con i professori, poca umanità nei professori",1,0,0,0,0,0,Utilizzare l'ora di ed. civica per favorire il dialogo tra i compagni/insegnanti,Sì,No,Sì,assolutamente sì adoro le lingue e vorrei riuscire a comunicare con più persone possibili imparando nuove cose e nuove culture,7
Quarto anno,Abbastanza,3 ore,Creare riassunti/mappe con cui studiare,0,1,0,0,,Abbastanza pesante,Buono,Poco,No,No,Abbastanza,"Tranquillo/a, è normale routine",Abbastanza bene,,,Buono,Abbastanza,Mai,Abbastanza,,,,,0,0,0,0,0,0,0,0,0,0,0,0,0,0,Difficoltà di comprensione delle materie,0,0,1,0,0,0,Colloquio individuale con la psicologa presente presso l'istituto,Sì,Non so,Non so,,8
Terzo anno,Abbastanza,2 ore,Compiti al posto mio,0,0,0,1,,Abbastanza pesante,Buono,Abbastanza,No,Sì,Abbastanza,"Tranquillo/a, è normale routine",Abbastanza bene,,,Buono,Molto,Mai,Abbastanza,,,,,0,0,0,0,0,0,0,0,0,0,0,0,0,0,,0,0,0,0,0,0,,Sì,Non so,No,,7
Secondo anno,Abbastanza,2 ore,"Creare riassunti/mappe con cui studiare, Ripassare, Sostituisce i docenti ",0,1,1,0,,Abbastanza pesante,Buono,Molto,Sì,Sì,Abbastanza,Stressato/a o sotto pressione,Molto bene,Gli altri studenti,Altro/Varie,Discreto,Abbastanza,Mai,Abbastanza,"Sapere tante lingue può essere utilissimo, però  sta troppo indietro nel tempo, dovremmo imparare tutti qualche tipo di informatica almeno di base. Se no è come non sapere come scrivere o Come leggere. È una cosa assurda che non ci sia ancora questa come materia per tutti almeno un paio di volte alla settimana in tutte le scuole. Ci sono anche altri problemi però Quelli sarebbero troppo difficili ad aggiustare in un posto così. La scuola funziona, ma è appena sufficiente.",,,"Il latino è un spreco di tempo enorme; non ha senso studiare una lingua che non è più parlato ed è anche abbastanza distante etimologicamente dalle altre lingue quindi sicuramente sarebbe meglio semplicemente studiare di più quelle lingue direttamente. (Spagnolo, francese, inglese)",0,1,0,1,0,0,0,0,0,0,0,1,0,1,"Dialogo con i professori, Ci sono professori che sono palesemente discriminatori conto certi studenti/gruppi di studenti, e/o che richiedono cose assurde e hanno regole ridicole che vengono applicate solo a certi studenti",1,0,0,0,0,0,Istituire a scuola un unità di pedagogia scolastica,No,Sì,Sì,"Penso che mi sarei trovato un po' meglio in un'altra scuola, però sto anche bene al linguistico quindi non vale la pena di cambiare adesso e dover recuperare tutto.",6
Terzo anno,Abbastanza,3 ore,"Creare riassunti/mappe con cui studiare, Ripassare",0,1,1,0,,Troppo pesante,Buono,Per nulla,No,No,Molto,Stressato/a o sotto pressione,Poco,niente ,Nulla,Ottimo,Molto,A volte,Per nulla,Più organizzazione,,Organizzazione,matematica e fisica ,1,0,1,0,0,0,0,0,0,0,0,0,0,0,Difficoltà a seguire le lezioni a causa di un lessico tecnico troppo complesso,0,0,0,1,0,0,non trovo nessuna opzione d’aiuto ,Non so,Sì,Non so,No ,5
Quinto anno,Poco,3 ore,Creare riassunti/mappe con cui studiare,0,1,0,0,,Abbastanza pesante,Buono,Poco,Non quanto mi piacerebbe,Sì,Abbastanza,Stressato/a o sotto pressione,Abbastanza bene,,,Buono,Abbastanza,A volte,Abbastanza,,,,,0,0,0,0,0,0,0,0,0,0,0,0,0,0,Difficoltà di comprensione delle materie,0,0,1,0,0,0,Istituire a scuola un unità di pedagogia scolastica,Sì,Non so,Sì,,7
Quinto anno,Poco,1 ora,Creare riassunti/mappe con cui studiare,0,1,0,0,,Troppo pesante,Sto sulla sufficienza,Poco,Non quanto mi piacerebbe,Sì,Molto,Stressato/a o sotto pressione,Molto bene,il legame che abbiamo tra noi ,Relazioni/Clima,Buono,Abbastanza,Mai,Poco,"i professori mettono troppa pressione e molte volte si lamentano di problemi inesistenti o comunque piccoli,ingigantendoli ",,Relazioni,probabilmente matematica dal terzo anno ,1,0,0,0,0,0,0,0,0,0,0,0,0,1,,0,0,0,0,0,0,Colloquio individuale con la psicologa presente presso l'istituto,No,Sì,No,,5
Quarto anno,Poco,1 ora,Creare riassunti/mappe con cui studiare,0,1,0,0,,Abbastanza pesante,Sto sulla sufficienza,Poco,Non quanto mi piacerebbe,Sì,Molto,"Tranquillo/a, è normale routine",Abbastanza bene,la vivacità ,Altro/Varie,Discreto,Abbastanza,Mai,Abbastanza,,,,"Francese, fisica e arte",0,0,1,0,0,0,0,0,0,0,0,1,1,0,Difficoltà di comprensione delle materie,0,0,1,0,0,0,,Non so,No,Non so,,6
Secondo anno,Poco,Non studio ogni giorno (solo prima delle verifiche),"Ripassare, Compiti al posto mio",0,0,1,1,,Troppo pesante,Buono,Poco,Sì,Sì,Abbastanza,Stressato/a o sotto pressione,Abbastanza bene,"Vado d'accordo solo con alcune persone, quindi non saprei dire",Altro/Varie,Discreto,Abbastanza,A volte,Abbastanza,I professori sono simpatici ma prof. Olly deve dare le dimissioni ,,,No,0,0,0,0,0,0,0,0,0,0,0,0,0,1,Dialogo con i compagni di classe,0,1,0,0,0,0,Utilizzare l'ora di ed. civica per favorire il dialogo tra i compagni/insegnanti,Sì,No,Non so,,8
Terzo anno,Abbastanza,Non studio ogni giorno (solo prima delle verifiche),Compiti al posto mio,0,0,0,1,,Abbastanza pesante,Buono,Poco,Non quanto mi piacerebbe,Sì,Per nulla,Stressato/a o sotto pressione,Poco,,,Discreto,Molto,Spesso,Poco,,,,chimica è INUTILE.,0,0,0,0,0,0,0,0,1,0,0,0,0,0,Dialogo con i compagni di classe,0,1,0,0,0,0,Colloquio individuale con la psicologa presente presso l'istituto,No,Sì,No,,2
Primo anno,Poco,2 ore,Compiti al posto mio,0,0,0,1,,Abbastanza pesante,Buono,Poco,Sì,Sì,Abbastanza,Stressato/a o sotto pressione,Molto bene,,,Discreto,Abbastanza,A volte,Abbastanza,mi piace molto questa scuola ma cambierei molte cose come ridipingere i muri o abbellire le classi per renderla più accogliente la cambierei molto più esteticamente. ,,Struttura/Edificio,toglierei latino giuridico perché secondo me non ha senso.,0,1,0,0,0,0,0,0,0,0,0,0,0,1,Difficoltà a seguire le lezioni a causa di un lessico tecnico troppo complesso,0,0,0,1,0,0,Utilizzare l'ora di ed. civica per favorire il dialogo tra i compagni/insegnanti,Non so,Non so,No,,7
Secondo anno,Abbastanza,4 ore o più,Creare riassunti/mappe con cui studiare,0,1,0,0,,Abbastanza pesante,Buono,Poco,Non quanto mi piacerebbe,No,Molto,"Tranquillo/a, è normale routine",Abbastanza bene,,,Buono,Abbastanza,Mai,Abbastanza,,,,,0,0,0,0,0,0,0,0,0,0,0,0,0,0,,0,0,0,0,0,0,,,,,,6
Quinto anno,Abbastanza,3 ore,"Creare riassunti/mappe con cui studiare, Ripassare",0,1,1,0,,Adeguato,Buono,Abbastanza,Sì,No,Abbastanza,"Tranquillo/a, è normale routine",Abbastanza bene,L’essere unite ,Relazioni/Clima,Buono,Abbastanza,Mai,Abbastanza,"Il bello di questa scuola è che ti insegnano una materia molto importante, cioè scienze umane, dove ti riesci a conoscere di più e a capire, magari diversi atteggiamenti che utilizzi e a capire anche gli altri. Io cambierei di questa scuola, magari l’organizzazione.",,Organizzazione,"Magari educazione civica, perché ci hanno aggiunto un’altra materia e sinceramente è molto pesante…fai la verifica e poi manco ti ricordi il giorno dopo",0,0,0,0,0,0,0,0,0,0,1,0,0,1,La routine continua di venire a scuola ,0,0,0,0,0,0,"Potrebbe aiutare una sola cosa, cioè la comunicazione sia tra docenti che tra compagni, così queste dinamiche smettono di crearsi",Non so,Non so,Non so,"Sinceramente, non lo so perché anche se frequento il quinto anno, non so cosa voglio fare della mia vita. Devo decidermi al più presto, magari in questo ambito, chissà.",8
Primo anno,Abbastanza,1 ora,Creare riassunti/mappe con cui studiare,0,1,0,0,,Adeguato,Buono,Abbastanza,Sì,Sì,Abbastanza,"Tranquillo/a, è normale routine",Abbastanza bene,i professori sono molto tranquilli e i miei compagni sono simpatici e tranquilli anche loro,Relazioni/Clima,Buono,Abbastanza,Mai,Molto,mi piace tutto non cambierei niente ,Tutto,,per adesso non toglierei nessuna materia perché mi sembra tutto regolare,0,0,0,0,0,0,0,0,0,0,0,0,0,1,"Difficoltà di comprensione delle materie, Difficoltà a seguire le lezioni a causa di un lessico tecnico troppo complesso",0,0,1,1,0,0,Utilizzare l'ora di ed. civica per favorire il dialogo tra i compagni/insegnanti,Non so,No,Sì,"vorrei continuare perché so che le lingue mi possono portare a un buon livello, nel senso che imparando le lingue potrò girare molti posti nel mondo e magari trovare un buon lavoro grazie a questo ",9
Terzo anno,Poco,1 ora,"Creare riassunti/mappe con cui studiare, Compiti al posto mio",0,1,0,1,,Adeguato,Sto sulla sufficienza,Abbastanza,Sì,Sì,Molto,"Tranquillo/a, è normale routine",Abbastanza bene,la poca serietà ,Altro/Varie,Buono,Poco,Spesso,Molto,mi piace così com’è ,Tutto,,"nessuna, aggiungerei la geografia! siamo delle capre non sappiamo neanche dove sta guglionesi a momenti ",0,0,0,0,0,0,0,0,0,0,0,0,0,1,Dialogo con i compagni di classe,0,1,0,0,0,0,Utilizzare l'ora di ed. civica per favorire il dialogo tra i compagni/insegnanti,Sì,No,Non so,le idee che avevo a 13 anni non sono le stesse che ho ora,8
Terzo anno,Abbastanza,2 ore,Creare riassunti/mappe con cui studiare,0,1,0,0,,Adeguato,Buono,Poco,No,No,Abbastanza,"Tranquillo/a, è normale routine",Abbastanza bene,Inclusività,Altro/Varie,Discreto,Abbastanza,A volte,Poco,"Mi piace il fatto che sono più indirizzi, cambierei il fatto che sono poco organizzati ",,,"Chimica, non la trovo utile in un linguistico",0,0,0,1,0,0,0,0,1,0,0,0,0,1,Dialogo con i professori,1,0,0,0,0,0,Utilizzare l'ora di ed. civica per favorire il dialogo tra i compagni/insegnanti,Non so,Sì,Sì,Le materie mi piacciono non sono loro il problema ,7
Primo anno,Abbastanza,4 ore o più,Ripassare,0,0,1,0,,Adeguato,Buono,Abbastanza,Sì,Sì,Abbastanza,"Tranquillo/a, è normale routine",Abbastanza bene,Che siamo abbastanza tranquilli durante le lezioni,Altro/Varie,Buono,Molto,Mai,Abbastanza,Mi piace il rapporto che hanno i professori con gli alunni ,,,"Toglierei geostoria, perché anche se è una materia bella, gli argomenti sono sempre gli stessi ",0,0,0,0,1,0,0,0,0,0,0,0,0,1,,0,0,0,0,0,0,Utilizzare l'ora di ed. civica per favorire il dialogo tra i compagni/insegnanti,Sì,No,Sì,Ho scelto questo indirizzo perché in un futuro ti indirizza su più strade,8
Terzo anno,Abbastanza,3 ore,Ripassare,0,0,1,0,,Adeguato,Buono,Abbastanza,Non quanto mi piacerebbe,Sì,Abbastanza,"Tranquillo/a, è normale routine",Abbastanza bene,l’inclusione ,Altro/Varie,Buono,Abbastanza,Mai,Abbastanza,"non saprei, forse più organizzazione ",,Organizzazione,nessuna (matematica),1,0,0,0,0,0,0,0,0,0,0,0,0,1,Dialogo con i professori,1,0,0,0,0,0,Utilizzare l'ora di ed. civica per favorire il dialogo tra i compagni/insegnanti,Sì,Non so,Sì,,8
Quarto anno,Abbastanza,4 ore o più,Creare riassunti/mappe con cui studiare,0,1,0,0,,Adeguato,Buono,Poco,Non quanto mi piacerebbe,No,Poco,"Tranquillo/a, è normale routine",Abbastanza bene,Lo stare assieme,Altro/Varie,Buono,Abbastanza,A volte,Abbastanza,"I prof, molto brava prof. Olly. Non cambierei nulla.",Tutto,,"Diritto, soprattutto al biennio",0,0,0,0,0,0,0,1,0,0,0,0,0,0,Dialogo con i compagni di classe,0,1,0,0,0,0,Utilizzare l'ora di ed. civica per favorire il dialogo tra i compagni/insegnanti,Sì,Non so,No,No mi piacerebbe fare altro,8
Primo anno,Molto,3 ore,Ripassare,0,0,1,0,,Abbastanza pesante,Buono,Poco,Non quanto mi piacerebbe,No,Abbastanza,Motivato/a e felice,Abbastanza bene,il nostro lavoro di squadra,Altro/Varie,Discreto,Abbastanza,Spesso,Molto,io non cambierei nulla,Tutto,,Ed fisica,0,0,1,0,0,0,0,0,0,0,0,0,0,0,Dialogo con i professori,1,0,0,0,0,0,Utilizzare l'ora di ed. civica per favorire il dialogo tra i compagni/insegnanti,Sì,No,Sì,,7
Secondo anno,Abbastanza,1 ora,Non la utilizzo,1,0,0,0,,Adeguato,Molto buono,Molto,Sì,Sì,Molto,"Tranquillo/a, è normale routine",Abbastanza bene,le amicizie ,Relazioni/Clima,Buono,Molto,A volte,Molto,é una scuola ben organizzata con tante attività ,Attività/Materie,,credo che tutte le materie siano importanti ma proprio non riesco a sopportare geostoria e chimica ,0,0,0,0,1,0,0,0,1,0,0,0,0,1,dialogo solo con pochi professori ,1,0,0,0,0,0,Utilizzare l'ora di ed. civica per favorire il dialogo tra i compagni/insegnanti,Sì,No,Sì,mi piace molto il diritto ,8
Primo anno,Abbastanza,1 ora,"Creare riassunti/mappe con cui studiare, Ripassare",0,1,1,0,,Troppo pesante,Ho delle insufficienze,Per nulla,Sì,Sì,Per nulla,Stressato/a o sotto pressione,Per nulla,Nulla ,Nulla,Discreto,Poco,Sempre,Per nulla,prof. Olly è cattiva,,,DIRITTO PERCHÉ É UNA NOIA,0,0,0,0,0,0,0,1,0,0,0,0,0,1,"Dialogo con i professori, Dialogo con i compagni di classe, Difficoltà di comprensione delle materie, Difficoltà a seguire le lezioni a causa di un lessico tecnico troppo complesso",1,1,1,1,0,0,"Niente, aspetto che finisca la scuola",Non so,Sì,Sì,No thank u next,5
Primo anno,Abbastanza,2 ore,Creare riassunti/mappe con cui studiare,0,1,0,0,,Adeguato,Sto sulla sufficienza,Abbastanza,Sì,No,Abbastanza,"Tranquillo/a, è normale routine",Molto bene,tutto sommato è una classe unita e non ci sono quasi per nulla problemi ,Nulla,Buono,Molto,Mai,Molto,"Mi piace la classe, i professori sono aperti e l’organizzazione generale della struttura ",,Organizzazione,"No, trovo che tutte le materie sono essenziali e le ore alla settimana di ognuna siano adeguate ",0,0,0,0,0,0,0,0,0,0,0,0,0,1,Difficoltà di comprensione delle materie,0,0,1,0,0,0,Utilizzare l'ora di ed. civica per favorire il dialogo tra i compagni/insegnanti,Sì,No,Non so,,9
Terzo anno,Abbastanza,2 ore,Compiti al posto mio,0,0,0,1,,Adeguato,Molto buono,Abbastanza,Sì,No,Abbastanza,Motivato/a e felice,Abbastanza bene,I lavori di gruppo ,Altro/Varie,Ottimo,Molto,A volte,Molto,Mi è sempre piaciuta questa scuola perché ho fatto anche le materne e le elementari e non cambierei nulla ,Tutto,,Np,0,0,0,0,0,0,0,0,0,0,0,0,0,0,Dialogo con i compagni di classe,0,1,0,0,0,0,Colloquio individuale con la psicologa presente presso l'istituto,Sì,No,Sì,Perché voglio continuare a scoprire delle nuove cose ,9
Quinto anno,Poco,4 ore o più,Creare riassunti/mappe con cui studiare,0,1,0,0,,Abbastanza pesante,Sto sulla sufficienza,Per nulla,No,No,Abbastanza,"Tranquillo/a, è normale routine",Molto bene,che siamo tutti uniti e ci aiutiamo nel momento di bisogno ,Relazioni/Clima,Buono,Abbastanza,Mai,Abbastanza,"le attività che si propongono mi piacciono, e cambierei alcune cose del regolamento ",Attività/Materie,,"francese, perché è una lingua brutta e non serve a niente ",0,0,0,1,0,0,0,0,0,0,0,1,0,1,Difficoltà di comprensione delle materie,0,0,1,0,0,0,Utilizzare l'ora di ed. civica per favorire il dialogo tra i compagni/insegnanti,Non so,No,No,"non mi piacciono le materie del primo anno, come chimica o latino giuridico ",7
Secondo anno,Abbastanza,2 ore,Creare riassunti/mappe con cui studiare,0,1,0,0,,Abbastanza pesante,Buono,Poco,No,No,Abbastanza,"Tranquillo/a, è normale routine",Abbastanza bene,La nostra tranquillità ,Altro/Varie,Discreto,Abbastanza,A volte,Poco, Mi piacciono compagni e le lingue straniere. L'organizzazione e l'atteggiamento di alcuni professori.,Relazioni/Ambiente,Organizzazione,Si. Latino. Perché dovrebbe essere opzionale e non è necessaria,0,1,0,0,0,0,0,0,0,0,0,0,0,1,Rapporto con alcuni professori ,0,0,0,0,0,0,Utilizzare l'ora di ed. civica per favorire il dialogo tra i compagni/insegnanti,Sì,Non so,Sì,Si perché mi piacciono le lingue e credo di essere naturalmente predisposto all'apprendimento delle lingue straniere.,7
Primo anno,Abbastanza,2 ore,Non la utilizzo,1,0,0,0,,Abbastanza pesante,Buono,Poco,Sì,Sì,Molto,"Tranquillo/a, è normale routine",Molto bene,Che ogni volta per decidere una cosa ci riuniamo e diciamo tutte le nostri opinioni ,Altro/Varie,Buono,Poco,A volte,Molto,Mi piace tutto della scuola e non so cosa cambierei per adesso ,Tutto,,La materia Latino perché va bene tutto ma non so a cosa servirà in futuro ed è molto difficile ,0,1,0,0,0,0,0,0,0,0,0,0,0,1,Quando ci stanno materie più teoriche ad esempio latino dove c'è molto grammatica ,0,0,0,0,0,0,Penso nella mia mente come posso farlo a capirlo e ragiono su tutta la spiegazione ,Sì,No,Sì,,9
Terzo anno,Abbastanza,Non studio ogni giorno (solo prima delle verifiche),Creare riassunti/mappe con cui studiare,0,1,0,0,,Abbastanza pesante,Buono,Poco,Non quanto mi piacerebbe,Sì,Molto,Stressato/a o sotto pressione,Molto bene,abbiamo trovato il nostro equilibrio dove nessuno è escluso e tutti hanno la libertà di esprimere la propria opinione senza essere giudicati ,Nulla,Buono,Molto,Mai,Abbastanza,Mi piacciono le materie; introdurrei più progetti interessanti e maggiore pubblicizzazione del plesso,Attività/Materie,,"CHIMICA allo scienze umane obbligatoria per 5 anni, avrei scelto uno scientifico se volevo fare materie di questo tipo. Ridurla a 2 anni.",0,0,0,0,0,0,0,0,1,0,0,0,0,1,Dialogo con i professori,1,0,0,0,0,0,Istituire a scuola un unità di pedagogia scolastica,Sì,No,Sì,,8
Quarto anno,Poco,Non studio ogni giorno (solo prima delle verifiche),"Creare riassunti/mappe con cui studiare, Compiti al posto mio",0,1,0,1,,Troppo leggero,Buono,Abbastanza,Sì,No,Poco,"Tranquillo/a, è normale routine",Abbastanza bene,Sinceramente non so rispondere.,Altro/Varie,Ottimo,Abbastanza,Spesso,Poco,"Mi piace l'ambiente, lo trovo sereno e non stressante. I cambiamenti che vorrei non sono cambiati dell'istituto ma ministeriali quindi non vale la pena parlarne, comunque sono moltissimi.",Relazioni/Ambiente,,"Non toglierei nessuna materia, però alcune materie, in particolare storia e filosofia, vengo fatte male. Gli studenti, anche quelli con 9 e 10 non comprendono il significato profondo di ciò che studiano, non so però se in questo caso la colpa sia degli studenti, degli insegnanti o di entrambi.",0,0,0,0,1,1,0,0,0,0,0,0,0,1,"Molto spesso trovo che se fossi a casa a studiare rispetto che ad essere a scuola il mio tempo sarebbe molto meglio speso, di fatto, se non per alcune materie specifiche in cui ho buoni professori, vado a scuola per scaldare la sedia",0,0,0,0,0,0,Se l'avessi capito non avrei difficoltà ,Non so,Sì,Non so,"La psicologia mi piace molto, ma non mi vedo a fare quello nella vita, inoltre non escludo altre strade ",7
Secondo anno,Abbastanza,3 ore,"Creare riassunti/mappe con cui studiare, Ripassare",0,1,1,0,,Abbastanza pesante,Buono,Poco,Sì,Sì,Poco,Stressato/a o sotto pressione,Poco,,,Discreto,Abbastanza,A volte,Abbastanza,,,,,0,0,0,0,0,0,0,0,0,0,0,0,0,0,"Dialogo con i professori, Dialogo con i compagni di classe, Difficoltà a seguire le lezioni a causa di un lessico tecnico troppo complesso",1,1,0,1,0,0,Colloquio individuale con la psicologa presente presso l'istituto,Sì,Non so,No,,6
Quinto anno,Abbastanza,3 ore,Creare riassunti/mappe con cui studiare,0,1,0,0,,Abbastanza pesante,Buono,Poco,No,No,Per nulla,Stressato/a o sotto pressione,Poco,,,Discreto,Abbastanza,A volte,Poco,cambierei i prof e l’organizzazione ,,Organizzazione,religione ,0,0,0,0,0,0,1,0,0,0,0,0,0,0,Dialogo con i professori,1,0,0,0,0,0,Colloquio individuale con la psicologa presente presso l'istituto,No,Sì,No,no ,5
Quinto anno,Abbastanza,4 ore o più,Creare riassunti/mappe con cui studiare,0,1,0,0,,Abbastanza pesante,Buono,Poco,Non quanto mi piacerebbe,Sì,Abbastanza,Stressato/a o sotto pressione,Abbastanza bene,aiuto reciproco ,Altro/Varie,Buono,Molto,A volte,Abbastanza,i professori ,,,Matematica perchè non siamo in un liceo  scientifico ,1,0,0,0,0,0,0,0,0,0,0,0,0,1,Dialogo con i professori,1,0,0,0,0,0,Colloquio individuale con la psicologa presente presso l'istituto,Non so,Sì,Sì,preferisco non motivarla ,7
Primo anno,Abbastanza,2 ore,Non la utilizzo,1,0,0,0,,Adeguato,Buono,Abbastanza,Sì,Sì,Abbastanza,"Tranquillo/a, è normale routine",Abbastanza bene,,,Ottimo,Abbastanza,Mai,Molto,,,,,0,0,0,0,0,0,0,0,0,0,0,0,0,0,,0,0,0,0,0,0,Colloquio individuale con la psicologa presente presso l'istituto,Sì,No,Sì,,9
Terzo anno,Abbastanza,4 ore o più,Creare riassunti/mappe con cui studiare,0,1,0,0,,Abbastanza pesante,Buono,Poco,Sì,Sì,Abbastanza,Stressato/a o sotto pressione,Abbastanza bene,niente,Nulla,Buono,Abbastanza,A volte,Abbastanza,"niente, cose che cambierei: accenderei i termosifoni subito quando fa freddo e non quando fa caldo, i bagni e la palestra perché non ne abbiamo una!",,Struttura/Edificio,,0,0,0,0,0,0,0,0,0,0,0,0,0,0,Difficoltà di comprensione delle materie,0,0,1,0,0,0,Colloquio individuale con la psicologa presente presso l'istituto,Sì,No,Sì,,7
Primo anno,Poco,1 ora,Creare riassunti/mappe con cui studiare,0,1,0,0,,Adeguato,Sto sulla sufficienza,Abbastanza,Sì,Sì,Abbastanza,"Tranquillo/a, è normale routine",Molto bene,Il legame fra di noi ,Relazioni/Clima,Buono,Abbastanza,Mai,Poco,,,,Latino perché per me è una materia che non serve molto,0,1,0,0,0,0,0,0,0,0,0,0,0,1,Difficoltà di comprensione delle materie,0,0,1,0,0,0,Utilizzare l'ora di ed. civica per favorire il dialogo tra i compagni/insegnanti,Sì,Sì,Sì,no,7
Quarto anno,Poco,Non studio ogni giorno (solo prima delle verifiche),Creare riassunti/mappe con cui studiare,0,1,0,0,,Adeguato,Buono,Abbastanza,Sì,Sì,Poco,"Tranquillo/a, è normale routine",Abbastanza bene,le risate che ci facciamo 6 ore su 6 ,Altro/Varie,Ottimo,Abbastanza,Spesso,Poco,mi piace l’ambiente che c’è cambiare il fatto che non abbiamo un posto adeguato per fare sport che per quanto mi riguarda è molto importante e soprattutto bello anche solo per staccare un po’ dalle solite materie ,Relazioni/Ambiente,,non toglierei nessuna materia perchè a modo loro sono tutte molto utili anche se a volte non mi piacciono gli argomenti che trattiamo ,0,0,0,0,0,0,0,0,0,0,0,0,0,1,difficoltá a seguire le lezioni per una questione di attenzione. Ormai ho la soglia dell’attenzione bassa e quindi stare attenta 1 ora intera non è facile ,0,0,0,0,1,0,Colloquio individuale con la psicologa presente presso l'istituto,Non so,Sì,Non so,no perchè nel corso degli anni mi sono appassionata ad altre materie peró quelle di indirizzo sono comunque molto interessanti ,7
Terzo anno,Poco,3 ore,Ripassare,0,0,1,0,,Abbastanza pesante,Buono,Per nulla,Non quanto mi piacerebbe,No,Per nulla,Stressato/a o sotto pressione,Abbastanza bene,,,Buono,Abbastanza,Spesso,Poco,,,,,0,0,0,0,0,0,0,0,0,0,0,0,0,0,Dialogo con i compagni di classe,0,1,0,0,0,0,Utilizzare l'ora di ed. civica per favorire il dialogo tra i compagni/insegnanti,No,No,Sì,,6
Primo anno,Abbastanza,3 ore,Ripassare,0,0,1,0,,Adeguato,Buono,Abbastanza,Sì,Sì,Molto,"Tranquillo/a, è normale routine",Molto bene,Scherzando ,Altro/Varie,Buono,Poco,Mai,Molto,No per il momento molto bella ,,,No per il momento mi piacciono tutte ,0,0,0,0,0,0,0,0,0,0,0,0,0,1,Dialogo con i professori,1,0,0,0,0,0,,Non so,No,Sì,Si perché mi piacciono le materie e soprattutto le materie di indirizzo ,7
Terzo anno,Poco,2 ore,Creare riassunti/mappe con cui studiare,0,1,0,0,,Abbastanza pesante,Buono,Poco,Non quanto mi piacerebbe,Sì,Abbastanza,Stressato/a o sotto pressione,Abbastanza bene,,,Conflittuale,Abbastanza,A volte,Poco,1. La settimana corta 2. approccio dei professori ,,,chimica / latino,0,1,0,0,0,0,0,0,1,0,0,0,0,1,Dialogo con i professori,1,0,0,0,0,0,Utilizzare l'ora di ed. civica per favorire il dialogo tra i compagni/insegnanti,Non so,Sì,No,,5
Terzo anno,Per nulla,4 ore o più,Creare riassunti/mappe con cui studiare,0,1,0,0,,Abbastanza pesante,Buono,Poco,Sì,Sì,Abbastanza,"Tranquillo/a, è normale routine",Molto bene,l’unione con tutti,Altro/Varie,Ottimo,Molto,Mai,Abbastanza,cambierei l organizzazione ,,Organizzazione,latino e chimica perché sono inutili per tutti gli indirizzi,0,1,0,0,0,0,0,0,1,0,0,0,0,1,Dialogo con i professori,1,0,0,0,0,0,Utilizzare l'ora di ed. civica per favorire il dialogo tra i compagni/insegnanti,Non so,Sì,No,no,6
Quarto anno,Abbastanza,2 ore,"Creare riassunti/mappe con cui studiare, ripeto o mi faccio fare domande a cui rispondo e mi faccio spiegare se sbaglio per ottimizzare i tempi se sono di fretta",0,1,0,0,,Troppo pesante,Buono,Per nulla,Non quanto mi piacerebbe,Sì,Molto,Stressato/a o sotto pressione,Abbastanza bene,scherziamo tra di noi senza problemi e riusciamo a organizzarci e trovarci d'accordo quasi sempre,Altro/Varie,Buono,Abbastanza,A volte,Abbastanza,"mi piace che i professori ci tengono alla loro materia e ti rendono lo studio migliore, altri invece lo fanno perché devono e la differenza si percepisce e si trasmette. Cambierei qualcosa per quanto riguarda l'attenzione verso noi alunni, se i compiti e le interrogazioni fossero disposti in maniera equa ed organizzata e non pretendendo che oltre alla scuola non abbiamo nient'altro da fare e che dobbiamo pensare solo a quello si creerebbe un ambiente molto più sereno e accogliente tra tutti quanti. Spesso noi alunni siamo sotto stress solo ed esclusivamente per la scuola e questo oltre a non permetterci di dedicarci ad altro il pomeriggio e non avere tempo libero ci porta anche ad essere ""scontrosi"" con chi ci circonda e a scuola soprattutto, a volte si creano situazioni spiacevoli che nemmeno noi vogliamo. Il problema non è il singolo professore ma la mancata comunicazione tra tutti. Se si sa di non avere tempo per qualcosa si ottimizza per non arrivare a fare tutto all'ultimo e soprattutto tutto insieme. Ogni materia ha importanza e tutte hanno la priorità, ma spesso siamo costretti, non per volere nostro ma per terze forze, a dover fare qualcosa in meno e non fa' piacere al professore ma neanche a noi.",Relazioni/Ambiente,,"Non toglierei nessuna materia del mio indirizzo, però aggiungerei diritto in tutti, per quanto mi riguarda è fondamentale dover conoscere tutto ciò che riguarda il paese dove viviamo, dovrebbe essere conoscenza base per tutti ma ovviamente non lo è. Poi c'è chi si informa per conto suo e chi non ci pensa proprio, ma possiamo vivere in un paese di cui sappiamo poco e niente? ",0,0,0,0,0,0,0,1,0,0,0,0,0,1,,0,0,0,0,0,0,parlare con il diretto interessato oppure tramite un intermediario,Non so,Non so,No,Non so quanto mi potrebbe aiutare continuare a studiare lingue per ancora altri 5 anni dopo la maturità.,7
Secondo anno,Abbastanza,3 ore,"Creare riassunti/mappe con cui studiare, Ripassare",0,1,1,0,,Troppo pesante,Molto buono,Poco,Non quanto mi piacerebbe,Sì,Molto,Stressato/a o sotto pressione,Molto bene,l’unione che c’è tra di noi,Altro/Varie,Buono,Abbastanza,Mai,Abbastanza,"Mi piace in generale l’istituto perché non è tanto grande ed è tranquillo, probabilmente cambierei alcuni criteri con la quale si danno punizioni e ci dovrebbero essere più dibattiti tra studenti durante le lezioni anche su tematiche quotidiane al di fuori del programma scolastico ",Relazioni/Ambiente,,.,0,0,0,0,0,0,0,0,0,0,0,0,0,0,non ho particolari difficoltà ,0,0,0,0,0,0,Utilizzare l'ora di ed. civica per favorire il dialogo tra i compagni/insegnanti,Sì,Non so,Non so,Non so ancora cosa vorrei fare da grande,8
Quinto anno,Abbastanza,Non studio ogni giorno (solo prima delle verifiche),"Creare riassunti/mappe con cui studiare, Ripassare",0,1,1,0,,Adeguato,Buono,Abbastanza,Sì,No,Molto,"Tranquillo/a, è normale routine",Molto bene,Un po’ di tutto,Altro/Varie,Buono,Molto,A volte,Abbastanza,,,,"Realmente nessuna, credo che sono tutte utilii ",0,0,0,0,0,0,0,0,0,0,0,0,0,1,,0,0,0,0,0,0,Non credo di averne bisogno,Sì,No,No,,8
Secondo anno,Abbastanza,1 ora,"Creare riassunti/mappe con cui studiare, Ripassare",0,1,1,0,,Abbastanza pesante,Buono,Abbastanza,Non quanto mi piacerebbe,Sì,Molto,"Tranquillo/a, è normale routine",Molto bene,L'unione e il cambiamento in positivo che abbiamo avuto rispetto all'anno scorso.,Altro/Varie,Ottimo,Abbastanza,A volte,Abbastanza,"Mi piacciono gli indirizzi e le materie che si studiano in linea generale. Cambierei il fatto che si fa poca, o comunque non abbastanza, attività laboratoriale in alcune materie.",Attività/Materie,,"No, credo che tutte le materie siano utili in base agli indirizzi. (Si scrive ""Perché"")",0,0,0,0,0,0,0,0,0,0,0,0,0,1,,0,0,0,0,0,0,Utilizzare l'ora di ed. civica per favorire il dialogo tra i compagni/insegnanti,Sì,Non so,Non so,Non lo so perché credo ci sia ancora tempo e non vorrei prendere decisioni troppo affrettate.,7
Secondo anno,Molto,4 ore o più,Ripassare,0,0,1,0,,Adeguato,Molto buono,Poco,Sì,Sì,Molto,"Tranquillo/a, è normale routine",Abbastanza bene,L’ironia,Umorismo/Divertimento,Buono,Molto,Spesso,Poco,Farei una palestra al chiuso o la sposterei a Termoli.,,Struttura/Edificio,No.,0,0,0,0,0,0,0,0,0,0,0,0,0,1,Dialogo con i compagni di classe,0,1,0,0,0,0,,Non so,Non so,Non so,,4
